"Est Name","Address","City","State","Zip","Phone","License Number","Issued","Expires","AZ","Reg","FL","Total","Alzheimer","Adult Day","County"
"Adams Pointe Assisted Living","213 North 48th Street","Quincy",,"62305","2172286484","5104747","2018 Dec 20 12:00:00 AM","2019 Dec 20 12:00:00 AM",,"28",,"28","false","true","Adams"
"Addolorata Villa","553 McHenry Rd","Wheeling","IL","60090","8472155854","5100562","2019 Jan 29 12:00:00 AM","2020 Jan 29 12:00:00 AM","22","39",,"61","true","false","Cook"
"Admiral at the Lake","933 W. Foster Ave","Chicago",,"60640","7734331800","5104192","2018 May 08 12:00:00 AM","2019 May 08 12:00:00 AM","17","39",,"56","true","false","Cook"
"Amber Glen Alzheimer's SCC","1704 East Amber Lane","Urbana","IL","61802","2173840100","5104101","2018 Aug 31 12:00:00 AM","2020 Aug 31 12:00:00 AM","38",,,"38","true","false","Champaign"
"Amber Ridge Assisted Living","900 43rd Avenue","Moline",,"61265","3097978181","5105066","2019 May 01 12:00:00 AM","2020 May 01 12:00:00 AM",,"46",,"46","false","false","Rock Island"
"Amber Ridge Memory Care","221 11th Avenue","Moline","IL","61265","3097577744","5105090","2019 May 01 12:00:00 AM","2020 May 01 12:00:00 AM","41",,,"41","true","false","Rock Island"
"American House Cedarlake","14800 South Van Dyke Road","Plainfield",,"60544","8152543564","5105041","2018 Dec 05 12:00:00 AM","2019 Dec 05 12:00:00 AM",,"41",,"41","false","false","Will"
"American House Orland Park","8021 151st Street","Orland Park","IL","60462","7084032400","5103293","2018 Oct 24 12:00:00 AM","2019 Oct 24 12:00:00 AM","36",,,"36","true","false","Cook"
"Anam Care Inc.","8104 Sayer Rd","Rockford","IL","61108","8153325566","5103590","2018 Oct 20 12:00:00 AM","2019 Oct 20 12:00:00 AM","20",,,"20","true","true","Winnebago"
"Anam Glen","7978 Newburg Road","Rockford","IL","61108","8153321919","5106965","2019 Mar 08 12:00:00 AM","2019 Aug 07 12:00:00 AM","13",,,"13","true","true","Winnebago"
"Anchor of Marion (The)","1501 Sandbar Drive","Marion",,"62959","6189641205","5105181","2019 Jan 04 12:00:00 AM","2019 Dec 28 12:00:00 AM","26","13",,"39","true","false","Williamson"
"Angel Acres, Inc.","8380 Worleys Mill Rd","Marion","IL","62959","6189988570","5200453","2019 Feb 16 12:00:00 AM","2020 Feb 16 12:00:00 AM",,"14",,"14","false","false","Williamson"
"Apostolic Christian Skylines","7023 N. E. Skyline Dr","Peoria","IL","61614","3096918091","5104499","2018 May 25 12:00:00 AM","2019 Aug 16 12:00:00 AM",,"21","16","37","false","false","Peoria"
"Arbor Rose of Arcola","106 East 2nd South Street","Arcola",,"61910","2175181105","5201519","2018 Aug 07 12:00:00 AM","2020 Aug 07 12:00:00 AM","8",,,"8","true","true","Douglas"
"Arbor Rose of Charleston","1911 18th Street","Charleston","IL","61920","2175122814","5107013","2019 Apr 30 12:00:00 AM","2020 Nov 19 12:00:00 AM","12",,,"12","true","true","Coles"
"Arbor Rose of Monticello","1009 South Irving","Monticello","IL","61856","2176006101","5201626","2018 Nov 30 12:00:00 AM","2020 Nov 30 12:00:00 AM","8",,,"8","true","true","Piatt"
"Arbor Rose of Robinson","500 S. Reed Street","Robinson",,"62454","6184691244","5107039","2019 May 01 12:00:00 AM","2019 Nov 26 12:00:00 AM","13",,,"13","true","true","Crawford"
"Arbor Rose of Tolono","503 S. Bourne St","Tolono","IL","61880","2174853030","5107021","2019 May 01 12:00:00 AM","2020 Nov 18 12:00:00 AM","13",,,"13","true","true","Champaign"
"Arbor Terrace Naperville","2920 Levernez","Naperville","IL","60564","6308350030","5106395","2018 Jul 30 12:00:00 AM","2019 Jul 30 12:00:00 AM","47","37","11","95","true","false","Will"
"Arboria of Long Grove LLC","2300 IL Route 53","Long Grove","IL","60047","8473836737","5105835","2019 Jan 16 12:00:00 AM","2019 Aug 27 12:00:00 AM","44","60",,"104","true","false","Lake"
"Arbors at Adams Pointe, The","201 North 48th Street","Quincy",,"62305","2172286494","5104754","2018 Dec 20 12:00:00 AM","2019 Dec 20 12:00:00 AM","16",,,"16","true","true","Adams"
"Arbors at Centennial Pointe, The","3430 Hedley Road","Springfield",,"62712","2175469016","5105132","2018 Nov 14 12:00:00 AM","2019 Nov 14 12:00:00 AM","16",,,"16","true","true","Sangamon"
"Arbors at Parkway Gardens (The)","375 Fountains Parkway","Fairview Heights","IL","62208","6186221988","5106221","2019 Jan 27 12:00:00 AM","2020 Jan 27 12:00:00 AM","16",,,"16","true","true","St Clair"
"Artis Senior Living of Bartlett","1035 South Route 59","Bartlett","IL","60103","6308555939","5106437","2018 Dec 01 12:00:00 AM","2019 Dec 01 12:00:00 AM","64",,,"64","false","false","DuPage"
"Artis Senior Living of Elmhurst","123 West Brush Hill Road","Elmhurst","IL","60126","6303593113","5106155","2018 May 11 12:00:00 AM","2019 May 11 12:00:00 AM","72",,,"72","true","false","DuPage"
"Artis Senior Living of Lakeview","3535 North Ashland Avenue","Chicago","IL","60657","7736979003","5106866","2019 Mar 20 12:00:00 AM","2019 Jul 20 12:00:00 AM","96","40",,"136","true","false","Cook"
"Asbury Court","1750 Elmhurst Road","Des Plaines",,"60018","8472281500","5105058","2018 Sep 12 12:00:00 AM","2019 Sep 12 12:00:00 AM",,"1","161","162","false","false","Cook"
"Aspen Creek of Sullivan","411 N. West Street","Sullivan","IL","61951","2177282092","5106999","2017 Dec 02 12:00:00 AM","2019 Dec 02 12:00:00 AM","18",,,"18","true","false","Moultrie"
"Aspen Creek of Troy","1924 SRA Bradley Smith Dr.","Troy",,"62264","6186672003","5201238","2018 Oct 08 12:00:00 AM","2019 Oct 08 12:00:00 AM","12",,,"12","true","false","Madison"
"Aspired Living of Prospect Heights","708 N. Elmhurst Rd","Prospect Heights","IL","60070","8478181808","5106700","2019 Jan 13 12:00:00 AM","2020 Jan 13 12:00:00 AM","32","69",,"101","false","false","Cook"
"Aspired Living of Westmont","407 West 63rd Street","Westmont","IL","60559","6309604400","5105850","2019 Jan 14 12:00:00 AM","2020 Jan 14 12:00:00 AM","34","73",,"107","true","false","DuPage"
"Assisi HC Center at Clare Oaks","829 Carillon Dr.","Bartlett","IL","60103","6304834742","5102816","2018 Jul 04 12:00:00 AM","2019 Jul 04 12:00:00 AM","16","17",,"33","true","true","Cook"
"Assisted Living at Franciscan Village","11400 Theresa Drive","Lemont",,"60439","6302433500","5104622","2019 Jan 14 12:00:00 AM","2021 Jan 14 12:00:00 AM",,"34",,"34","false","false","Cook"
"Assisted Living at Silver Creek","1227 Winding Oaks Ln","Mascoutah","IL","62258","6185664100","5102634","2019 Feb 28 12:00:00 AM","2020 Feb 28 12:00:00 AM",,"33",,"33","false","false","St. Clair"
"Assisted Living at Victory Lakes","1065 Victory Dr","Lindenhurst","IL","60046","8473564800","5102980","2018 Nov 12 12:00:00 AM","2019 Nov 12 12:00:00 AM","15","45",,"60","true","false","Lake"
"Atria at River Trail","370 N. Weber Road","Bolingbrook","IL","60440","3312536511","5106544","2019 Jan 12 12:00:00 AM","2020 Jan 12 12:00:00 AM","42","86",,"128","true","false","Will"
"Atria Park of Glen Ellyn","95 Carleton Avenue","Glen Ellyn","IL","60137","6304695555","5101248","2018 Aug 21 12:00:00 AM","2019 Aug 21 12:00:00 AM","20","65",,"85","true","false","DuPage"
"Atrium (The)","2885 McFarland Road","Rockford",,"61107","8152823340","5106460","2018 Oct 11 12:00:00 AM","2019 Oct 11 12:00:00 AM","40",,,"40","true","false","Winnebago"
"Autumn Accolade, Inc.","13516 Townline Rd","Green Valley","IL","61534","3093481548","5100125","2019 Jan 12 12:00:00 AM","2021 Jan 12 12:00:00 AM",,"40",,"40","false","false","Tazewell"
"Autumn Fields Adult Community","325 E. Orange St.","Hoopeston",,"60942","2172832120","5103897","2019 Jan 20 12:00:00 AM","2021 Jan 30 12:00:00 AM",,"51",,"51","false","false","Vermilion"
"Autumn Fields of Savoy","65 East Airport Road","Savoy",,"61874","2173551990","5104820","2019 Mar 19 12:00:00 AM","2020 Mar 19 12:00:00 AM",,"46",,"46","false","false","Champaign"
"Autumn Fields of Tilton","316 E 14th St","Tilton","IL","61833","2176552255","5106668","2019 Jan 18 12:00:00 AM","2020 Jan 18 12:00:00 AM",,"48",,"48","false","false","Vermilion"
"Autumn Green at Midway Village","6700 S. Keating","Chicago",,"60629","7735822888","5103996","2018 Sep 11 12:00:00 AM","2019 Sep 11 12:00:00 AM",,"24","20","44","false","false","Cook"
"Autumn Green at Wright Campus","4239 N. Oak Park Ave.","Chicago",,"60634","7732023388","5103988","2018 Sep 11 12:00:00 AM","2019 Sep 11 12:00:00 AM",,"25","20","45","false","false","Cook"
"Autumn Leaves of Arlington Heights","1625 S. Arlington Heights Rd","Arlington Heights",,"60005","8477256700","5105165","2018 Sep 08 12:00:00 AM","2019 Sep 08 12:00:00 AM","42",,,"42","true","false","Cook"
"Autumn Leaves of Bolingbrook","351 Lily Cache Lane","Bolingbrook","IL","60440","6307590797","5104283","2019 Feb 20 12:00:00 AM","2020 Feb 20 12:00:00 AM","36",,,"36","true","false","DuPage"
"Autumn Leaves of Crystal Lake","495 Alexandra Blvd","Crystal Lake","IL","60014","8154597800","5102865","2018 Sep 12 12:00:00 AM","2019 Sep 12 12:00:00 AM","36",,,"36","true","false","McHenry"
"Autumn Leaves of Gurnee","505 N. Hunt Club Road","Gurnee",,"60031","8886628886","5105363","2018 Jul 17 12:00:00 AM","2019 Jul 17 12:00:00 AM","42",,,"42","true","false","Lake"
"Autumn Leaves of Oswego","900 Douglas Rd.","Oswego",,"60543","3314547540","5103962","2018 Jun 07 12:00:00 AM","2019 Jun 07 12:00:00 AM","40",,,"40","true","true","Kendall"
"Autumn Leaves of South Barrington","215 Bartlett Road","South Barrington",,"60010","8478441205","5104762","2018 Nov 18 12:00:00 AM","2019 Nov 18 12:00:00 AM","38",,,"38","true","false","Cook"
"Autumn Leaves of St. Charles","10 N. Peck St.","St. Charles","IL","60174","6304854510","5103970","2018 Jun 07 12:00:00 AM","2019 Jun 07 12:00:00 AM","40",,,"40","true","true","Kane"
"Autumn Leaves of Vernon Hills","500 Atrium Dr","Vernon Hills","IL","60061","8479961000","5102949","2018 Dec 24 12:00:00 AM","2019 Dec 24 12:00:00 AM","36",,,"36","true","false","Lake"
"Avonlea Cottage #1/Quad Cities","2021 E. 1st St","Milan","IL","61264","3097560755","5100133","2019 Apr 10 12:00:00 AM","2020 Apr 10 12:00:00 AM","30",,,"30","true","false","Rock Island"
"Avonlea Cottage #2/Quad Cities","2025 E. 1st St","Milan","IL","61264","3097562257","5100141","2019 Apr 10 12:00:00 AM","2020 Apr 10 12:00:00 AM",,"16",,"16","false","false","Rock Island"
"Avonlea Cottage of Dixon","503 Countryside Lane","Dixon",,"61021","8152886044","5104838","2018 Jul 09 12:00:00 AM","2019 Jul 19 12:00:00 AM","16",,,"16","true","false","Lee"
"Avonlea Cottage/Sterling","2201 E. LeFevre Rd","Sterling","IL","61081","8156265439","5100158","2018 Aug 09 12:00:00 AM","2019 Aug 09 12:00:00 AM",,"30",,"30","false","false","Whiteside"
"Axelson Assisted Living","2195 Foxglove Dr","Northbrook","IL","60062","8474806350","5102881","2018 Jul 03 12:00:00 AM","2019 Jul 03 12:00:00 AM",,"58",,"58","false","false","Cook"
"Bell Tower Retirement LLC","430 Sidney Street","East Dubuque",,"61025","8157476701","5104481","2018 Sep 13 12:00:00 AM","2019 May 15 12:00:00 AM","14","11","23","48","true","false","JoDaviess"
"Belmont Village Buffalo Grove","500 McHenry Rd","Buffalo Grove",,"60089","8475375000","5104242","2018 Mar 30 12:00:00 AM","2020 Mar 30 12:00:00 AM","46","70",,"116","true","false","Lake"
"Benedale Ctr-Villa St. Benedict","1920 Maple Ave","Lisle","IL","60532","6307257000","5101396","2017 Oct 06 12:00:00 AM","2019 Oct 06 12:00:00 AM","14","51",,"65","true","false","DuPage"
"Bethel Place-AZ Establishment","6901 N. Galena Rd","Peoria","IL","61614","3096899658","5100208","2018 Dec 29 12:00:00 AM","2020 Dec 29 12:00:00 AM","20",,,"20","true","false","Peoria"
"Betty's Garden Memory Care","141 Acorn St South","Kewanee","IL","61443","3098839917","5106650","2019 Mar 16 12:00:00 AM","2020 Mar 16 12:00:00 AM","24",,,"24","true","false","Henry"
"Bickford - Bloomington House","14 Heartland Dr","Bloomington","IL","61704","3096610094","5100240","2019 Apr 17 12:00:00 AM","2020 Apr 17 12:00:00 AM","16",,"55","71","true","false","McLean"
"Bickford - Champaign Cottage","1002 S. Staley Rd","Champaign","IL","61822","2174031900","5100232","2018 Oct 04 12:00:00 AM","2019 Oct 04 12:00:00 AM","16","28",,"44","true","false","Champaign"
"Bickford - Crystal Lake Cottage","717 McHenry Ave","Crystal Lake","IL","60014","8154774200","5102956","2019 May 14 12:00:00 AM","2020 May 14 12:00:00 AM","14","42",,"56","true","true","McHenry"
"Bickford - Macomb Cottage","1600 Maple Ave","Macomb","IL","61455","3098369700","5100224","2017 Nov 16 12:00:00 AM","2019 Nov 16 12:00:00 AM",,"28",,"28","false","true","McDonough"
"Bickford - Moline Cottage","3650 41st St","Moline","IL","61265","3097360700","5101883","2019 Feb 03 12:00:00 AM","2020 Feb 03 12:00:00 AM",,"28",,"28","false","false","Rock Island"
"Bickford - Oswego Cottage","3712 Grove Rd","Oswego","IL","60543","6305548811","5102998","2018 May 14 12:00:00 AM","2019 May 14 12:00:00 AM","14","42",,"56","true","false","Kendall"
"Bickford - Peoria I House","1920 W. Willow Knolls Dr","Peoria","IL","61614","3096895400","5100273","2018 Apr 19 12:00:00 AM","2019 Apr 19 12:00:00 AM",,,"60","60","false","false","Peoria"
"Bickford - Peoria II Cottage","2000 W. Willow Knolls Dr.","Peoria","IL","61614","3095890800","5102469","2019 Apr 19 12:00:00 AM","2020 Apr 19 12:00:00 AM","32",,,"32","true","true","Peoria"
"Bickford - Quincy Cottage","4221 Maine","Quincy","IL","62305","2172280800","5101909","2018 Oct 21 12:00:00 AM","2019 Oct 21 12:00:00 AM","7","39",,"46","true","true","Adams"
"Bickford - Rockford House","960 N. Mulford Rd","Rockford","IL","61107","8153977100","5100265","2018 Nov 11 12:00:00 AM","2019 Nov 11 12:00:00 AM",,,"65","65","false","false","Winnebago"
"Bickford - Springfield House","2451 W. White Oak Dr","Springfield","IL","62704","2177879000","5101891","2018 Sep 07 12:00:00 AM","2019 Sep 07 12:00:00 AM",,,"55","55","false","false","Sangamon"
"Bickford Cottage - St. Charles","2875 Campton Hills Rd","St.Charles","IL","60175","6305878800","5103210","2017 Sep 09 12:00:00 AM","2019 Sep 09 12:00:00 AM","12","64",,"76","true","false","Kane"
"Bickford of Aurora","7 South Orchard Road","Aurora","IL","60506","6306315555","5105934","2018 Sep 08 12:00:00 AM","2019 Sep 08 12:00:00 AM","16","44",,"60","true","false","Kane"
"Bickford of Gurnee","301 S. Hunt Club Road","Gurnee","IL","60031","8472810780","5106270","2018 Apr 26 12:00:00 AM","2019 Apr 26 12:00:00 AM","16","44",,"60","true","false","Lake"
"Bickford of Tinley Park","17301 80th Ave.","Tinley Park",,"60477","7088455490","5105579","2018 Nov 22 12:00:00 AM","2019 Nov 22 12:00:00 AM","16","44",,"60","true","false","Cook"
"Birches, LLC (The)","215 55th St","Clarendon Hills","IL","60514","6307891135","5100307","2019 Jan 16 12:00:00 AM","2020 Jan 16 12:00:00 AM","32","58",,"90","true","false","DuPage"
"Blackberry Cottage","904-B Estates Drive","Jerseyville",,"62052","6189209898","5201501","2018 Jul 08 12:00:00 AM","2019 Jul 08 12:00:00 AM","10",,,"10","true","false","Jersey"
"Bourbonnais Bickford House","100 Jones Dr","Bourbonnais","IL","60914","8159369500","5100257","2018 May 16 12:00:00 AM","2020 May 16 12:00:00 AM",,,"50","50","false","true","Kankakee"
"Bradford Place","1463 Benchmark Ct","Swansea","IL","62226","6186240683","5103483","2018 Jul 29 12:00:00 AM","2019 Jul 29 12:00:00 AM","8","31",,"39","true","false","St Clair"
"Bradford Villa LLC-IV","1122 Koch's Lane","Quincy",,"62305","2172283379","5201220","2018 Oct 01 12:00:00 AM","2020 Oct 01 12:00:00 AM",,"8",,"8","false","false","Adams"
"Bradford Villa, LLC-I","1122 Koch's Ln","Quincy","IL","62305","2172283379","5200362","2018 Oct 01 12:00:00 AM","2020 Oct 01 12:00:00 AM",,"8",,"8","false","false","Adams"
"Bradford Villa, LLC-II","1122 Koch's Ln","Quincy","IL","62305","2172283379","5200560","2018 Oct 01 12:00:00 AM","2020 Oct 01 12:00:00 AM",,"8",,"8","false","false","Adams"
"Bradford Villa, LLC-III","1122 Koch's Ln","Quincy","IL","62305","2172283379","5200693","2018 Oct 01 12:00:00 AM","2020 Oct 01 12:00:00 AM",,"8",,"8","false","false","Adams"
"Bridgeway Assisted Living","303 East Washington Street","Bensenville",,"60106","6307660605","5104978","2018 Apr 30 12:00:00 AM","2019 Apr 30 12:00:00 AM","17","10","130","157","true","false","DuPage"
"Bridle Brook Assisted Living","1505 Patton Drive","Mahomet",,"61853","2175863200","5105355","2019 Jan 30 12:00:00 AM","2020 Jan 30 12:00:00 AM","30","48",,"78","true","false","Champaign"
"Bright Oaks of Aurora 1  (SMSK Aurora LLC)","1340 River Street","Aurora",,"60506","6308928800","5106874","2019 Mar 01 12:00:00 AM","2019 Jul 01 12:00:00 AM","24","36",,"60","false","false","Kane"
"Brightly Senior Living Mascoutah","649 Legacy Place","Mascoutah","IL","62258","6185660566","5106114","2018 Jul 01 12:00:00 AM","2019 Jul 01 12:00:00 AM","22","35",,"57","true","false","St Clair"
"Brighton Gardens of St. Charles","600 Dunham Rd","St. Charles","IL","60174","6305876120","5106809","2019 Apr 01 12:00:00 AM","2019 Aug 01 12:00:00 AM","39","65",,"104","true","false","Kane"
"Brighton Gardens of Wheaton","831 E. Butterfield Rd","Wheaton","IL","60189","6306811234","5106817","2019 Apr 01 12:00:00 AM","2019 Aug 01 12:00:00 AM","38","78",,"116","true","false","DuPage"
"Brookdale Des Plaines","800 S River Rd","Des Plaines","IL","60016","8472940100","5101743","2018 Oct 15 12:00:00 AM","2019 Oct 15 12:00:00 AM",,"29","46","75","false","false","Cook"
"Brookdale Glen Ellyn","60 N. Nicoll Way","Glen Ellyn","IL","60137","6304461600","5100976","2018 Aug 21 12:00:00 AM","2019 Aug 21 12:00:00 AM",,"63",,"63","false","false","DuPage"
"Brookdale Hawthorne Lakes AL","10 E. Hawthorne Pkwy","Vernon Hills","IL","60061","8473672516","5101768","2018 Oct 15 12:00:00 AM","2019 Oct 15 12:00:00 AM",,"50","12","62","false","false","Lake"
"Brookdale Hoffman Estates","1515 Barrington Rd","Hoffman Estates","IL","60169","8474905800","5101750","2018 Oct 15 12:00:00 AM","2020 Oct 15 12:00:00 AM",,,"30","30","false","false","Cook"
"Brookdale Lake Shore Drive","2960 N. Lake Shore","Chicago","IL","60657","7738802960","5102378","2019 Mar 21 12:00:00 AM","2020 Mar 21 12:00:00 AM",,"20","50","70","false","false","Cook"
"Brookdale Lake View","3121 N. Sheridan Rd","Chicago","IL","60657","7734049800","5101776","2018 Oct 15 12:00:00 AM","2019 Oct 15 12:00:00 AM",,"41","16","57","false","false","Cook"
"Brookdale Lisle AL","1700 Robin Ln","Lisle","IL","60532","6309631880","5101735","2018 Oct 15 12:00:00 AM","2019 Oct 15 12:00:00 AM",,"56","8","64","false","false","DuPage"
"Brookdale Northbrook","4501 Concord Ln","Northbrook","IL","60062","8478037100","5101131","2018 Jul 08 12:00:00 AM","2019 Jul 08 12:00:00 AM",,"44","26","70","false","false","Cook"
"Brookdale Oak Park","1111 Ontario St","Oak Park","IL","60302","7083831111","5100786","2019 Feb 25 12:00:00 AM","2019 Aug 22 12:00:00 AM",,"38","6","44","false","false","Cook"
"Brookdale Orland Park","16051 S. LaGrange Rd","Orland Park","IL","60467","7084032001","5103574","2019 Jan 06 12:00:00 AM","2019 Jul 06 12:00:00 AM","24","80",,"104","true","false","Cook"
"Brookdale Urbana","1706 E Amber Ln","Urbana","IL","61802","2173283150","5100349","2018 Oct 25 12:00:00 AM","2019 Apr 25 12:00:00 AM","20","71",,"91","true","false","Champaign"
"Brookdale Vernon Hills","145 N. Milwaukee Ave.","Vernon Hills","IL","60061","8477932470","5103798","2018 Dec 30 12:00:00 AM","2019 Dec 30 12:00:00 AM",,"56","43","99","false","false","Lake"
"Brookstone Estates of Charleston","300 Lincoln Highway","Charleston",,"61920","2173486500","5105009","2018 Apr 19 12:00:00 AM","2019 Apr 19 12:00:00 AM","16",,,"16","true","false","Coles"
"Brookstone Estates of Olney","1110 North East Street","Olney",,"62450","6183925870","5104994","2019 Apr 21 12:00:00 AM","2020 Apr 21 12:00:00 AM",,"46",,"46","false","false","Richland"
"Burge House (The)","424 N. Worthey Street","Flora","IL","62839","6186620931","5201774","2019 May 10 12:00:00 AM","2019 Nov 10 12:00:00 AM",,"16",,"16","false","false","Clay"
"Caledonian House, The","2800 S Des Plaines Avenue","North Riverside",,"60546","7084475092","5105496","2018 Dec 08 12:00:00 AM","2020 Dec 08 12:00:00 AM","20",,,"20","true","false","Cook"
"Carriage Crossing Champaign","1701 Congressional Way","Champaign",,"61822","2173038840","5105611","2018 Nov 05 12:00:00 AM","2020 Nov 05 12:00:00 AM","18","42",,"60","true","false","Champaign"
"Carriage Crossing Senior Living","909 Green Mill Rd","Arcola",,"61910","2172683516","5104366","2018 Aug 15 12:00:00 AM","2019 Aug 15 12:00:00 AM","14","42",,"56","true","true","Douglas"
"Carrington at Lincolnwood","3501 Northeast Parkway","Lincolnwood","IL","60712","8479736262","5106247","2018 Dec 20 12:00:00 AM","2019 Dec 20 12:00:00 AM","44","88",,"132","true","false","Cook"
"Casita Catherine AL","1510 N 10th St","Quincy","IL","62301","2172244850","5201725","2017 Oct 21 12:00:00 AM","2019 Oct 21 12:00:00 AM",,"10",,"10","false","false","Adams"
"Cedar Lake Assisted Living & Memory Care","777 Church Street","Lake Zurich",,"60047","8478474425","5105397","2019 Feb 01 12:00:00 AM","2020 Feb 01 12:00:00 AM","24","62",,"86","true","false","Lake"
"Cedar Trails Senior Living","490 Urbana Drive","Freeburg","IL","62243","6185399190","5105983","2019 Apr 22 12:00:00 AM","2019 Dec 19 12:00:00 AM","16","45",,"61","false","false","St Clair"
"Cedarhurst of Bethalto","903 North Moreland Road","Bethalto","IL","62010","6183910335","5106171","2018 May 25 12:00:00 AM","2019 May 25 12:00:00 AM","18","50",,"68","true","false","Madison"
"Cedarhurst of Breese","13887 Progress Drive","Breese","IL","62230","6185269600","5106346","2018 Jun 14 12:00:00 AM","2019 Jun 14 12:00:00 AM","16","41",,"57","true","false","Clinton"
"Cedarhurst of Centralia","1827 E. Mc Cord","Centralia","IL","62801","6189183764","5101630","2019 Mar 22 12:00:00 AM","2020 Mar 22 12:00:00 AM","16",,,"16","true","false","Marion"
"Cedarhurst of Collinsville","1207 Vandalia Avenue","Collinsville",,"62234","6183430800","5105330","2019 Jan 01 12:00:00 AM","2020 Jan 01 12:00:00 AM","15","51",,"66","true","false","Madison"
"Cedarhurst of Edwardsville","7108 Marine Road","Edwardsville",,"62025","6186599112","5104606","2018 Aug 02 12:00:00 AM","2020 Aug 02 12:00:00 AM","54",,,"54","true","false","Madison"
"Cedarhurst of Godfrey","1000 Airport Rd","Godfrey","IL","62035","6184668831","5106890","2019 Apr 01 12:00:00 AM","2019 Aug 01 12:00:00 AM",,"63",,"63","false","false","Madison"
"Cedarhurst of Granite City","3450 Village Ln","Granite City","IL","62040","6189313988","5106882","2019 Apr 01 12:00:00 AM","2019 Aug 01 12:00:00 AM",,"72",,"72","false","false","Madison"
"Cedarhurst of Greenville","1200 E. Harris Avenue","Greenville","IL","62246","6186900116","5105942","2018 Nov 24 12:00:00 AM","2019 Nov 24 12:00:00 AM","16",,,"16","true","false","Bond"
"Cedarhurst of Highland","220 Field Crossing Dr.","Highland","IL","62249","6186543737","5106338","2018 Jun 14 12:00:00 AM","2019 Jun 14 12:00:00 AM","5","52",,"57","true","false","Madison"
"Cedarhurst of Jacksonville","2225 W. Morton Ave","Jacksonville",,"62650","2172452996","5105652","2019 Jan 06 12:00:00 AM","2020 Jan 06 12:00:00 AM","18","50",,"68","true","false","Morgan"
"Cedarhurst of Naperville","3333 75th Street","Woodridge","IL","60517","6303134992","5106189","2018 Jul 13 12:00:00 AM","2019 Jul 13 12:00:00 AM","24","85",,"109","true","false","DuPage"
"Cedarhurst of Quincy","319 S. 48th Street","Quincy","IL","62305","2177426067","5106825","2019 Mar 27 12:00:00 AM","2019 Jul 27 12:00:00 AM","56",,,"56","true","false","Adams"
"Cedarhurst of Shiloh, LLC","429 S. Main St","Shiloh","IL","62269","6186229890","5103558","2019 Feb 28 12:00:00 AM","2020 Feb 28 12:00:00 AM","31","56",,"87","true","false","St. Clair"
"Cedarhurst of Sparta","211 N. Market Street","Sparta",,"62286","6184432600","5104713","2018 May 30 12:00:00 AM","2019 May 30 12:00:00 AM",,"50",,"50","false","false","Randolph"
"Cedarhurst of Sparta Memory Care","217 N Market St","Sparta","IL","62286","3148842000","5106205","2018 May 30 12:00:00 AM","2019 May 30 12:00:00 AM","16",,,"16","true","false","Randolph"
"Cedarhurst of Waterloo","526 Legacy Drive","Waterloo",,"62298","6189394030","5106320","2018 Jun 14 12:00:00 AM","2019 Jun 14 12:00:00 AM",,"56",,"56","false","false","Monroe"
"Cedarhurst of Waterloo MC","518 Legacy Drive","Waterloo","IL","62298","6189394344","5106353","2018 Jun 14 12:00:00 AM","2019 Jun 14 12:00:00 AM","30",,,"30","true","false","Monroe"
"Cedarhurst of Yorkville","4040 Cannonball Trail","Yorkville","IL","60560","6303828725","5106833","2019 May 01 12:00:00 AM","2019 Sep 01 12:00:00 AM","20","53",,"73","true","false","Kendall"
"Centennial Pointe Assisted Living","3440 Hedley Road","Springfield",,"62712","2175469301","5105124","2018 Nov 14 12:00:00 AM","2019 Nov 14 12:00:00 AM",,"28",,"28","false","true","Sangamon"
"Central Baptist Village","4747 N Canfield Ave","Norridge","IL","60706","7085838500","5100364","2018 May 15 12:00:00 AM","2020 May 15 12:00:00 AM",,"96",,"96","false","false","Cook"
"Century Assisted Living I","701 South Lewis Lane","Carbondale","IL","62901","6185499898","5200867","2018 Apr 14 12:00:00 AM","2019 Apr 14 12:00:00 AM","12",,,"12","true","false","Jackson"
"Century Assisted Living II","703 Lewis Lane","Carbondale","IL","62901","6185499898","5200875","2018 Apr 14 12:00:00 AM","2019 Apr 14 12:00:00 AM","14",,,"14","true","false","Jackson"
"Charter Senior Living of Glen Ellyn","190 Geneva Road","Glen Ellyn",,"60137","6309090101","5107005","2019 Apr 01 12:00:00 AM","2019 Aug 01 12:00:00 AM","44",,,"44","true","false","DuPage"
"Cherryvale Place","1545 Temple Lane","Rockford",,"61112","8153328484","5105686","2018 Dec 31 12:00:00 AM","2019 Dec 31 12:00:00 AM","22","71","4","97","true","false","Winnebago"
"Christian Garden Villa I","3406 W. Washington St","Springfield","IL","62711","2177879600","5200925","2017 Mar 31 12:00:00 AM","2019 Mar 31 12:00:00 AM",,"10",,"10","false","false","Sangamon"
"Christian Garden Villa II","3408 W. Washington St.","Springfield","IL","62711","2177879600","5201147","2017 Mar 31 12:00:00 AM","2019 Mar 31 12:00:00 AM",,"10",,"10","false","false","Sangamon"
"Church Creek","1250 W. Central Road","Arlington Heights",,"60005","8475063200","5104085","2018 Feb 28 12:00:00 AM","2019 Feb 28 12:00:00 AM","21","13",,"34","true","false","Cook"
"Clarendale of Algonquin","2001 West Algonquin RD","Algonquin",,"60102","8474586800","5105702","2019 Feb 28 12:00:00 AM","2020 Feb 28 12:00:00 AM","54","60",,"114","true","false","Mc Henry"
"Clarendale of Mokena","21536 South Wolf Road","Mokena",,"60448","8154644418","5106767","2019 Apr 20 12:00:00 AM","2020 Apr 20 12:00:00 AM","40","53","3","96","false","false","Will"
"Colfax Manor Assisted Living","8200 S Colfax Ave.","Chicago",,"60617","7732034098","5201162","2019 Mar 30 12:00:00 AM","2020 Mar 30 12:00:00 AM","4",,,"4","true","false","Cook"
"Colonnade Senior Living, The","700 Weber Road","O' Fallon",,"62269","6186246000","5104614","2018 Jul 21 12:00:00 AM","2019 Jul 21 12:00:00 AM","43","82",,"125","true","false","St Clair"
"Concordia Village","4101 West Iles","Springfield","IL","62711","2177939429","5103228","2018 Dec 12 12:00:00 AM","2019 Dec 12 12:00:00 AM",,"48",,"48","false","false","Sangamon"
"Copper Creek Cottages","203 Stahlhut Dr","Lincoln",,"62656","2176518364","5105462","2018 Nov 15 12:00:00 AM","2019 Nov 15 12:00:00 AM","30",,,"30","true","true","Logan"
"Copper Creek Cottages","1007 E. Columbia St","Litchfield","IL","62056","2173241900","5106064","2018 Dec 04 12:00:00 AM","2019 Dec 04 12:00:00 AM","30",,,"30","true","true","Montgomery"
"Copper Creek Cottages","920 Country Club Road","Mattoon","IL","61938","2172350001","5105892","2018 Sep 19 12:00:00 AM","2019 Sep 19 12:00:00 AM","30",,,"30","true","true","Coles"
"Cordia Senior Residence","865 N. Cass Ave","Westmont","IL","60559","6308877000","5100406","2018 Oct 04 12:00:00 AM","2019 Oct 04 12:00:00 AM",,"116",,"116","false","false","DuPage"
"Cottage at New Perspective (The)","1902 Eleventh St.","Silvis","IL","61282","3097922800","5101053","2018 Apr 30 12:00:00 AM","2020 Apr 30 12:00:00 AM","13",,,"13","true","false","Rock Island"
"Cottages At Salem, Inc","339 S. Hotze Rd","Salem","IL","62881","6185948581","5201758","2018 Aug 25 12:00:00 AM","2019 Aug 25 12:00:00 AM","15",,,"15","true","false","Marion"
"Cottages of Fox Lake (The)  (Cottages 18 & 20 AZ)","16,18,20,22 Lilac Ave","Fox Lake","IL","60020","8474374663","5106429","2018 Jun 16 12:00:00 AM","2019 Jun 16 12:00:00 AM","32","32",,"64","true","false","Lake"
"Cottages of New Lenox, Cottage #1","1023 S. Cedar Rd","New Lenox","IL","60451","8154638880","5106916","2019 Apr 09 12:00:00 AM","2019 Aug 09 12:00:00 AM",,"16",,"16","false","false","Will"
"Cottages of New Lenox, Cottage #2","1025 S. Cedar Rd","New Lenox","IL","60451","8154638880","5106924","2019 Apr 09 12:00:00 AM","2019 Aug 09 12:00:00 AM","16",,,"16","true","false","Will"
"Cottages of New Lenox, Cottage #3","1027 S. Cedar Rd","New Lenox","IL","60451","8154638880","5106932","2019 Apr 09 12:00:00 AM","2019 Aug 09 12:00:00 AM","16",,,"16","true","false","Will"
"Cottages of New Lenox, Cottage #4","1029 S. Cedar Rd","New Lenox","IL","60451","8154638880","5106940","2019 Apr 09 12:00:00 AM","2019 Aug 09 12:00:00 AM","16",,,"16","true","false","Will"
"Cottages of New Lenox, Cottage #5","1031 S. Cedar Rd","New Lenox","IL","60451","8154638880","5106957","2019 Apr 09 12:00:00 AM","2019 Aug 09 12:00:00 AM","16",,,"16","true","false","Will"
"Country Comfort -Elmwood","829 Hurff Drive","Elmwood",,"61529","3097422274","5201386","2017 Nov 08 12:00:00 AM","2019 Nov 08 12:00:00 AM","6","6",,"12","true","false","Peoria"
"Country Comfort Henry","615 Patricia Ln","Henry","IL","61537","3093643607","5200818","2018 May 29 12:00:00 AM","2019 May 29 12:00:00 AM","8",,,"8","true","false","Marshall"
"Country Comfort Princeton","802 N. Mercer","Princeton","IL","61356","8158792096","5200800","2017 Nov 04 12:00:00 AM","2019 Nov 04 12:00:00 AM","8",,,"8","true","false","Bureau"
"Country Lane Memory Care","875 Riverton Road","Riverton",,"62561","2176294265","5105454","2018 Dec 04 12:00:00 AM","2019 Dec 04 12:00:00 AM","30",,,"30","true","true","Sangamon"
"Courtyard Estates of Bradford","100 Courtyard Estates","Bradford","IL","61421","3098978316","5102683","2018 Apr 15 12:00:00 AM","2020 Apr 15 12:00:00 AM",,"18",,"18","false","false","Stark"
"Courtyard Estates of Bushnell","1201 N.Cole St","Bushnell","IL","61422","3097728000","5103012","2018 Jul 07 12:00:00 AM","2019 Jul 07 12:00:00 AM","9","29",,"38","true","false","McDonough"
"Courtyard Estates of Farmington","1000 East Fort Street","Farmington",,"61531","3092452550","5105553","2019 Jan 18 12:00:00 AM","2020 Jan 18 12:00:00 AM","11","21",,"32","true","false","Fulton"
"Courtyard Estates of Galva","1000 Courtyard Estates","Galva","IL","61434","3099322600","5102733","2019 Apr 16 12:00:00 AM","2021 Apr 16 12:00:00 AM",,"32",,"32","false","false","Henry"
"Courtyard Estates of Kewanee","141 Junior Ave South","Kewanee","IL","61443","3098532460","5100414","2018 Dec 02 12:00:00 AM","2020 Dec 02 12:00:00 AM",,"35",,"35","false","false","Henry"
"Courtyard Estates of Knoxville","415 East Main Street","Knoxville",,"61448","3092892660","5105348","2019 Apr 02 12:00:00 AM","2020 Apr 02 12:00:00 AM","7","25",,"32","true","false","Knox"
"Courtyard Estates of Monmouth","1 Courtyard Blvd","Monmouth","IL","61462","3097349355","5101693","2018 Sep 27 12:00:00 AM","2020 Sep 27 12:00:00 AM",,"51",,"51","false","false","Warren"
"Courtyard Village of Kewanee","860 Sunset Dr","Kewanee","IL","61443","3098534044","5101537","2018 Dec 02 12:00:00 AM","2020 Dec 02 12:00:00 AM",,"39",,"39","false","false","Henry"
"Crimson Pointe","7130 Crimson Ridge Dr.","Rockford","IL","61107","8153987792","5103699","2018 Dec 27 12:00:00 AM","2019 Dec 27 12:00:00 AM",,"73",,"73","false","false","Winnebago"
"Eastland Retirement Community","901 Eastland Drive","Auburn",,"62615","2174389394","5105405","2019 Feb 11 12:00:00 AM","2020 Feb 11 12:00:00 AM",,"42",,"42","false","false","Sangamon"
"Eberhardt Village","431 W. Palmer","Arthur","IL","61911","2175433705","5101917","2018 Nov 15 12:00:00 AM","2019 Nov 15 12:00:00 AM",,"37",,"37","false","false","Moultrie"
"Eden Retirement Center, Inc","300 S.Station Rd","Glen Carbon","IL","62034","6182885014","5103020","2018 Aug 26 12:00:00 AM","2019 Aug 26 12:00:00 AM",,"74","50","124","false","false","Madison"
"Elevate Saint Andrew Living","7000 N. Newark Avenue","Niles",,"60714","8476478332","5106973","2019 Apr 01 12:00:00 AM","2019 Aug 01 12:00:00 AM","12","47",,"59","true","false","Cook"
"Elmcroft of Wyndcrest","4817 Oak Hill Road","Rochester",,"62563","2174986959","5104424","2018 Oct 29 12:00:00 AM","2020 Oct 29 12:00:00 AM",,"37",,"37","false","false","Sangamon"
"Emerald Place","1879 Chestnut Avenue","Glenview","IL","60025","2242069588","5106197","2019 Apr 13 12:00:00 AM","2020 Apr 13 12:00:00 AM","66",,,"66","true","false","Cook"
"Ems Haven of Rest","719 S. McKinley","Havana","IL","62644","3094020060","5200404","2018 Nov 28 12:00:00 AM","2020 Nov 28 12:00:00 AM",,"4",,"4","false","false","Mason"
"Estates Senior Living & Spa (Ninebark)","6800 Ninebark","Springfield","IL","62712","2179713905","5201733","2019 Jan 21 12:00:00 AM","2020 Jan 21 12:00:00 AM",,"6",,"6","false","false","Sangamon"
"Estates Senior Living & Spa, The","3305 Collingwood Drive","Springfield",,"62711","2179713905","5201477","2019 Feb 05 12:00:00 AM","2021 Feb 05 12:00:00 AM",,"5",,"5","false","false","Sangamon"
"Eve Assisted Living","10 N. Washington","Hinsdale","IL","60521","6304911000","5103756","2019 Apr 26 12:00:00 AM","2020 Apr 26 12:00:00 AM","11","50",,"61","true","false","DuPage"
"Ever-Green Manor Memory Care","8641 South Saginaw","Chicago","IL","60617","7732034098","5201782","2018 Nov 13 12:00:00 AM","2019 Mar 13 12:00:00 AM","6",,,"6","true","false","Cook"
"Evergreen Place","4114 West Springfield Avenue","Champaign",,"61822","2175304300","5106726","2019 Jan 01 12:00:00 AM","2020 Jan 01 12:00:00 AM",,"52",,"52","false","false","Champaign"
"Evergreen Place AL","801 W Gregory St","Normal","IL","61761","3094519355","5100497","2017 Jul 08 12:00:00 AM","2019 Jul 08 12:00:00 AM",,"60",,"60","false","false","McLean"
"Evergreen Place Senior Living - Orland Park","10820 183rd Street","Orland Park",,"60467","7084791082","5105439","2018 Jul 08 12:00:00 AM","2019 Jul 08 12:00:00 AM","40","76",,"116","true","false","Will"
"Evergreen Senior Living - Chillicothe","404 S. Stillwater Drive","Chillicothe",,"61523","3092745440","5105033","2019 Mar 09 12:00:00 AM","2020 Mar 09 12:00:00 AM","20","53",,"73","true","false","Peoria"
"Fairview Assisted Living","605 North 4th St.","Fairbury","IL","61739","8156922572","5201857","2018 Feb 01 12:00:00 AM","2020 Feb 01 12:00:00 AM",,"13",,"13","false","false","Livingston"
"Family 1st Shared Home of Oregon","8 Terrace View Blvd","Oregon","IL","61061","8157324045","5200628","2018 Dec 13 12:00:00 AM","2019 Dec 13 12:00:00 AM",,"16",,"16","false","false","Ogle"
"Fifth Season Res., Benton","401 N. DuQuoin St","Benton","IL","62812","6184396600","5101719","2018 Oct 13 12:00:00 AM","2020 Oct 13 12:00:00 AM",,"28",,"28","false","false","Franklin"
"Fifth Season Res., Radcliffe","915 Radcliffe St","Marion","IL","62959","6189932800","5100513","2019 Mar 13 12:00:00 AM","2020 Mar 13 12:00:00 AM",,"26",,"26","false","false","Williamson"
"Fountains at Crystal Lake","965 N. Brighton Circle","Crystal Lake","IL","60012","8154558400","5105140","2018 Jun 01 12:00:00 AM","2019 Jun 01 12:00:00 AM","15","80","40","135","true","false","McHenry"
"Fountainview Manor Memory Care","3432 Village Lane","Granite City","IL","62040","6189313999","5103129","2018 Sep 29 12:00:00 AM","2020 Sep 29 12:00:00 AM","46",,,"46","true","false","Madison"
"Fox Point","3300 Charles Miller Road","McHenry",,"60050","8153859840","5104408","2018 Oct 29 12:00:00 AM","2019 Oct 29 12:00:00 AM",,"80","17","97","false","false","McHenry"
"Fox Point Manor","3350 Charles Miller Road","McHenry",,"60050","8153859840","5104416","2018 Oct 29 12:00:00 AM","2019 Oct 29 12:00:00 AM","40",,,"40","true","true","McHenry"
"Fox River Apartments","1016 Parker St","Olney","IL","62450","6183926168","5100554","2018 Sep 12 12:00:00 AM","2019 Sep 12 12:00:00 AM",,"30",,"30","false","false","Richland"
"Franciscan Village of Lemont","1260 Franciscan Dr","Lemont","IL","60439","6302433500","5100570","2019 Jan 24 12:00:00 AM","2020 Jan 24 12:00:00 AM","14","33",,"47","true","false","Cook"
"Friendship Manor of Illinois","1209 21st Ave","Rock Island","IL","61201","3097869667","5101495","2017 Dec 23 12:00:00 AM","2018 Dec 23 12:00:00 AM","24","73",,"97","true","false","Rock Island"
"Friendship Village of Schaumburg","350 W Schaumburg Rd","Schaumburg","IL","60194","8478845000","5100604","2018 Oct 10 12:00:00 AM","2020 Oct 10 12:00:00 AM","24","82",,"106","true","false","Cook"
"Galena Stauss Assisted Living","200 Altenburg Dr","Galena","IL","61036","8157767375","5100612","2018 Oct 29 12:00:00 AM","2019 Oct 29 12:00:00 AM",,"24",,"24","false","false","Jo Daviess"
"Garden Place Columbia","480 DD Road","Columbia",,"62236","6182814200","5106007","2019 Jan 18 12:00:00 AM","2019 Sep 22 12:00:00 AM",,,"46","46","false","false","Monroe"
"Garden Place Millstadt","208 S. Kossuth","Millstadt","IL","62260","6184761440","5106049","2018 Sep 22 12:00:00 AM","2019 Sep 22 12:00:00 AM",,,"15","15","false","false","St Clair"
"Garden Place Red Bud","351 Lockwood","Red Bud","IL","62278","6182827775","5106015","2018 Sep 22 12:00:00 AM","2019 Sep 22 12:00:00 AM",,,"15","15","false","false","Randolph"
"Garden Place Waterloo","735 Columbia Ave","Waterloo",,"62298","6189394900","5106031","2018 Sep 22 12:00:00 AM","2019 Sep 22 12:00:00 AM",,,"20","20","false","false","Monroe"
"Gardens at Moweaqua (The)","525 South Macon Street","Moweaqua","IL","62550","2177683951","5105231","2019 Apr 01 12:00:00 AM","2021 Apr 01 12:00:00 AM",,"16",,"16","false","false","Shelby"
"Gardens at Park Pointe (The)","1550 Dupont Avenue","Morris",,"60450","8155857200","5105801","2018 Nov 14 12:00:00 AM","2019 Nov 14 12:00:00 AM","15","45",,"60","true","false","Grundy"
"Generations at Riverview Senior Living","500 Centennial Drive","East Peoria",,"61611","3096940022","5106759","2019 Mar 01 12:00:00 AM","2020 Mar 01 12:00:00 AM",,"42",,"42","false","false","Tazewell"
"Glenwood of Effingham, The","14061 East 1600th St.","Effingham",,"62401","2173478880","5104804","2018 Feb 28 12:00:00 AM","2019 Feb 28 12:00:00 AM",,"42",,"42","false","false","Effingham"
"Glenwood of Mahomet, The","1709 South Division Street","Mahomet",,"61853","2175865100","5104796","2018 Feb 28 12:00:00 AM","2020 Feb 28 12:00:00 AM",,"44",,"44","false","false","Champaign"
"Golden Age Assisted Living","5734 S. Thurlow St","Hinsdale","IL","60521","6302461968","5201543","2019 Apr 30 12:00:00 AM","2019 Oct 30 12:00:00 AM",,"4",,"4","false","false","Du Page"
"Good Samaritan Home of Quincy","2130 Harrison St","Quincy","IL","62301","2172238717","5103772","2017 May 15 12:00:00 AM","2019 May 15 12:00:00 AM",,"26",,"26","false","false","Adams"
"Grace Point Place","5701 W 101st","Oak Lawn","IL","60453","7082903255","5106403","2018 Sep 24 12:00:00 AM","2019 Sep 24 12:00:00 AM","66",,,"66","true","false","Cook"
"Grand Victorian of Rockford","3495 McFarland Road","Rockford",,"61114","8156541400","5105710","2018 Jul 16 12:00:00 AM","2019 Jul 16 12:00:00 AM",,,"62","62","false","false","Winnebago"
"Grand Victorian of Sycamore","1440 Somonauk Street","Sycamore",,"60173","8158951900","5105017","2019 Apr 21 12:00:00 AM","2020 Apr 21 12:00:00 AM",,,"61","61","false","false","DeKalb"
"Grand View Alzheimer's SCC","6210 N. University Street","Peoria","IL","61614","3093238518","5104895","2019 Apr 01 12:00:00 AM","2021 Apr 01 12:00:00 AM","38",,,"38","true","false","Peoria"
"Grand View Estates","540 Pleasant St","Elizabeth","IL","61028","8158582275","5100646","2018 May 26 12:00:00 AM","2019 May 26 12:00:00 AM",,"23",,"23","false","false","Jo Daviess"
"Green House of Clark-Lindsey Village (The)","101 W Windsor Rd","Urbana",,"61802","2173442144","5201675","2018 Jun 20 12:00:00 AM","2019 Jun 20 12:00:00 AM","12",,,"12","true","false","Champaign"
"Green Oaks Senior Living","14595 West Rockland Road","Libertyville","IL","60048","8476801205","5106098","2019 Feb 13 12:00:00 AM","2020 Feb 13 12:00:00 AM","24","48",,"72","true","false","Lake"
"Greenfields of Geneva","0N801 Friendship Way","Geneva","IL","60134","6305786600","5103954","2017 Dec 02 12:00:00 AM","2019 Dec 02 12:00:00 AM","26","51",,"77","true","false","Kane"
"Greentree at Mt. Vernon","208 Zackery Rd","Mt Vernon",,"62864","6182445580","5106841","2019 Feb 12 12:00:00 AM","2019 Jun 12 12:00:00 AM","30","82",,"112","true","false","Jefferson"
"Griggsville Estates","201 S. Oak","Griggsville","IL","62340","2178332369","5102121","2017 Sep 06 12:00:00 AM","2019 Sep 06 12:00:00 AM",,"20",,"20","false","false","Pike"
"Gurnee Manor","5631 Manchester","Gurnee","IL","60031","3125434404","5201709","2019 Feb 28 12:00:00 AM","2019 Jun 28 12:00:00 AM",,"8",,"8","false","false","Lake"
"Halina's Home Care-5th Avenue","825 N. 5th Avenue","St. Charles","IL","60174","6306700819","5201014","2018 Sep 26 12:00:00 AM","2019 Mar 26 12:00:00 AM",,"5",,"5","false","false","Kane"
"Halina's Home Care-Marion Ave","555 Marion Ave.","St. Charles",,"60174","6306700819","5201667","2019 Mar 27 12:00:00 AM","2019 Jul 27 12:00:00 AM",,,,"5","false","false","Kane"
"Harbor Chase of Long Grove","1190 Old McHenry Rd","Long Grove","IL","60047","8476134838","5106288","2018 Aug 02 12:00:00 AM","2019 Aug 02 12:00:00 AM","58","80",,"138","true","false","Lake"
"Harbor Chase of Naperville","1619 N. Mill Street","Naperville",,"60563","6307783475","5105603","2019 Feb 13 12:00:00 AM","2020 Feb 13 12:00:00 AM","32","69",,"101","true","false","Du Page"
"Harbor Chase of Plainfield","12446 S. Van Dyke Road","Plainfield",,"60585","8152673510","5104523","2018 Nov 26 12:00:00 AM","2019 Nov 26 12:00:00 AM","30","80",,"110","true","false","Will"
"Harry Ekstam Assisted Living","831 N. Batavia Ave","Batavia","IL","60510","6308794300","5100794","2019 Feb 07 12:00:00 AM","2020 Feb 07 12:00:00 AM","27","35",,"62","true","false","Kane"
"Hartwell Place","5520 N. Paulina St","Chicago","IL","60640","7732752400","5100653","2019 Feb 13 12:00:00 AM","2020 Feb 13 12:00:00 AM","29",,,"29","true","false","Cook"
"Harvest View","100 Harvest View Lane","Herscher","IL","60941","8154262000","5103004","2018 Jul 06 12:00:00 AM","2020 Jul 06 12:00:00 AM",,,"42","42","false","true","Kankakee"
"Harvester Place","150 South Frontage Road","Burr Ridge",,"60527","6302301170","5105314","2018 Nov 29 12:00:00 AM","2019 Nov 29 12:00:00 AM","66",,,"66","true","false","DuPage"
"Hawthorne Inn of Galesburg","2245 N. Seminary St.","Galesburg","IL","61401","3093435050","5101941","2018 Oct 29 12:00:00 AM","2020 Oct 29 12:00:00 AM","13","39",,"52","true","false","Knox"
"Hawthorne Inn of Parkway","3116 Williamson County Pk.","Marion","IL","62959","6189938600","5102253","2018 Jun 30 12:00:00 AM","2020 Jun 30 12:00:00 AM",,"17",,"17","false","false","Williamson"
"Hawthorne Inn of Peoria","6906 N Stalworth Dr.","Peoria","IL","61615","3096931400","5100687","2019 Feb 28 12:00:00 AM","2020 Feb 28 12:00:00 AM","13","39",,"52","true","false","Peoria"
"Hawthorne Inn of Peru","1101 31st St","Peru","IL","61354","8152242200","5100695","2019 Feb 07 12:00:00 AM","2021 Feb 07 12:00:00 AM","13","39",,"52","true","false","LaSalle"
"Hawthorne Inn of Pittsfield","625 Prospect St.","Pittsfield","IL","62363","2172855200","5102295","2017 Jun 27 12:00:00 AM","2019 Jun 27 12:00:00 AM",,"22",,"22","false","false","Pike"
"Hawthorne Inn of Rochelle","2201 Flagg Rd","Rochelle","IL","61068","8155614099","5106528","2018 Oct 01 12:00:00 AM","2020 Oct 01 12:00:00 AM",,,"46","46","false","false","Ogle"
"Hawthorne Inn of Shelbyville","1111 W. North 12th St.","Shelbyville","IL","62565","2177741020","5102246","2018 Jun 06 12:00:00 AM","2020 Jun 06 12:00:00 AM",,"20",,"20","false","false","Shelby"
"Hearthstone of Arlington Heights","800 W. Oakton St.","Arlington Heights","IL","60004","8473687300","5100729","2017 Aug 25 12:00:00 AM","2019 Aug 25 12:00:00 AM",,"100",,"100","false","false","Cook"
"Hearthstone Village","840 N. Seminary Ave","Woodstock","IL","60098","8153382110","5101859","2018 Jul 12 12:00:00 AM","2019 Jul 12 12:00:00 AM",,"73",,"73","false","false","McHenry"
"Heartis Village of Orland Park","7420 W. 159th Street","Orland Park","IL","60462","7084441231","5106262","2018 Nov 26 12:00:00 AM","2019 Nov 26 12:00:00 AM","24","72",,"96","true","false","Cook"
"Heartis Village of Peoria","8201 N. IL State Route 91","Peoria",,"61615","3096933960","5105595","2019 Apr 08 12:00:00 AM","2020 Apr 08 12:00:00 AM","36","72",,"108","true","false","Peoria"
"Heritage House/Carthage","601 Locust St","Carthage","IL","62321","2173573651","5200180","2018 Jun 24 12:00:00 AM","2019 Jun 24 12:00:00 AM",,"6",,"6","false","false","Hancock"
"Heritage Woods of Huntley, LLC","12450 Regency Parkway","Huntley","IL","60142","8476695185","5103251","2018 Sep 26 12:00:00 AM","2019 Sep 26 12:00:00 AM","30","81",,"111","true","true","Kane"
"Herrin Affordable","400 Lou Ann Drive","Herrin","IL","62948","6189889540","5100810","2019 Mar 19 12:00:00 AM","2020 Mar 19 12:00:00 AM",,"24",,"24","false","false","Williamson"
"Herrin Market","400 Lou Ann Dr","Herrin","IL","62948","6189889540","5100828","2019 Mar 19 12:00:00 AM","2020 Mar 19 12:00:00 AM",,"28",,"28","false","false","Williamson"
"Hickory Estates of Taylorville","1091 E. 1500 N. Rd","Taylorville","IL","62568","2178243355","5105926","2019 Mar 01 12:00:00 AM","2020 Mar 01 12:00:00 AM",,"46",,"46","false","false","Christian"
"Hickory Point Christian Village","565 W. Marion Ave","Forsyth","IL","62535","2178721122","5102097","2019 May 18 12:00:00 AM","2021 May 18 12:00:00 AM","18","30",,"48","true","false","Macon"
"Highlands at Westminster Place","3131 Simpson Street","Evanston","IL","60201","8478661605","5100745","2019 Apr 10 12:00:00 AM","2020 Apr 10 12:00:00 AM",,"85",,"85","false","false","Cook"
"Highlands of Lake Forest Place","1101 Pembridge Dr","Lake Forest","IL","60045","8476046700","5100752","2018 Sep 24 12:00:00 AM","2019 Sep 24 12:00:00 AM",,"31",,"31","false","false","Lake"
"Highview in the Woodlands","1000 Falcon Point Place","Rockton","IL","61072","8156246700","5100760","2018 Oct 08 12:00:00 AM","2019 Oct 08 12:00:00 AM",,"36",,"36","false","false","Winnebago"
"Home Care Advantage 1","646 Van Nortwick Court","Batavia","IL","60510","6306772850","5201436","2018 Aug 15 12:00:00 AM","2019 Aug 15 12:00:00 AM",,"4",,"4","false","false","Kane"
"Home Sweet Home of Arlington Hts.","207 W. Appletree Lane","Arlington Heights",,"60004","8477978646","5201196","2018 Dec 01 12:00:00 AM","2019 Dec 01 12:00:00 AM",,"4",,"4","false","false","Cook"
"Hopedale Commons","221 SW Railroad St","Hopedale","IL","61747","3094496790","5100802","2017 Dec 22 12:00:00 AM","2019 Dec 22 12:00:00 AM",,"45",,"45","false","false","Tazewell"
"Imboden Creek Gardens","185 W. Imboden Dr","Decatur","IL","62521","2172331425","5100836","2018 Feb 24 12:00:00 AM","2020 Feb 24 12:00:00 AM",,"46",,"46","false","false","Macon"
"Inspirations","1000 N. 6th Ave.","St. Charles",,"60174","6307122233","5201154","2017 Jun 15 12:00:00 AM","2019 Jun 15 12:00:00 AM",,"6",,"6","false","false","Kane"
"Lake Barrington Woods","22320 Classic Ct.","Lake Barrington",,"60010","8478428900","5104093","2019 Jan 26 12:00:00 AM","2020 Jan 26 12:00:00 AM",,,"100","100","false","false","Lake"
"Lakeview Memory Care Community","241 E. Lake St.","Bloomingdale",,"60108","8474665183","5105728","2018 Sep 17 12:00:00 AM","2019 Sep 17 12:00:00 AM","46",,,"46","true","true","Du Page"
"Lamoine Retirement Living (The)","203 N. Randolph Street","Macomb","IL","61455","3095753018","5106676","2019 Mar 16 12:00:00 AM","2020 Mar 16 12:00:00 AM","24","22",,"46","false","false","McDonough"
"Landings of Carbondale, LLC (The)","2100 Reed Station Parkway","Carbondale","IL","62901","6185199600","5106056","2018 Oct 30 12:00:00 AM","2019 Oct 30 12:00:00 AM","20","71",,"91","true","true","Jackson"
"Lavender Ridge - Jacksonville","750 W. Walnut","Jacksonville",,"62650","2172438550","5104515","2017 Oct 15 12:00:00 AM","2019 Oct 15 12:00:00 AM","28",,,"28","true","false","Morgan"
"Lavender Ridge - Olney","1304 N. East St.","Olney",,"62450","6183924747","5105769","2018 Aug 17 12:00:00 AM","2019 Aug 17 12:00:00 AM","28",,,"28","true","false","Richland"
"Lavender Ridge Inc. - Mt. Vernon","1400 S. 34th St","Mt. Vernon","IL","62864","6182424050","5103087","2018 Jul 10 12:00:00 AM","2019 Jul 10 12:00:00 AM","28",,,"28","true","false","Jefferson"
"Lexington Sq LC Lombard, LLC","555 Foxworth Blvd.","Lombard","IL","60148","6306292900","5103194","2018 May 27 12:00:00 AM","2019 May 27 12:00:00 AM","68","58",,"126","true","false","DuPage"
"Lexington Sq Lifecare Elmhurst","400 W. Butterfield Rd","Elmhurst",,"60126","6308325959","5103889","2018 Oct 23 12:00:00 AM","2019 Oct 23 12:00:00 AM",,"38","32","70","false","false","DuPage"
"Liberty Court","124 Liberty Court","Dixon",,"61021","8152852000","5106478","2018 Oct 11 12:00:00 AM","2019 Oct 11 12:00:00 AM","18","18",,"36","true","false","Lee"
"Liberty Village of Geneseo","920 S Chicago St.","Geneseo","IL","61254","3099440460","5100885","2018 Sep 26 12:00:00 AM","2020 Sep 26 12:00:00 AM",,,"30","30","false","false","Henry"
"Liberty Village of Streator","2322 N Eastwood Ave.","Streator","IL","61364","8156721900","5100901","2017 Sep 20 12:00:00 AM","2019 Sep 20 12:00:00 AM",,"16","14","30","false","false","LaSalle"
"Life's Journey Mattoon II","300 South Lerna Road South","Mattoon","IL","61938","2172343003","5105918","2018 May 22 12:00:00 AM","2019 May 22 12:00:00 AM","22",,,"22","true","false","Coles"
"Life's Journey SL Mattoon","300 Lerna Road South","Mattoon",,"61938","2172343003","5105272","2019 Jan 01 12:00:00 AM","2020 Jan 01 12:00:00 AM","28",,,"28","true","false","Coles"
"Life's Journey SL Pana","340 Illinois Route 29","Pana",,"62557","2175623004","5201683","2018 Jan 01 12:00:00 AM","2020 Jan 01 12:00:00 AM","15",,,"15","true","false","Christian"
"Life's Journey SL Paris","705 Kenton Avenue","Paris",,"61944","2174633003","5105264","2019 Jan 01 12:00:00 AM","2020 Jan 01 12:00:00 AM","24",,,"24","true","false","Edgar"
"Life's Journey SL Taylorville","920 McAdam Drive","Taylorville",,"62568","2172877000","5105298","2019 Jan 01 12:00:00 AM","2020 Jan 01 12:00:00 AM","46",,,"46","true","false","Christian"
"Lincolnshire Place","710 Vellagio","Sycamore","IL","60178","8158959870","5103475","2018 Jun 02 12:00:00 AM","2019 Jun 02 12:00:00 AM","40",,,"40","true","false","DeKalb"
"Lincolnshire Place - Decatur","1215 W. Arbor Drive","Decatur",,"62526","2178751440","5104739","2018 Mar 21 12:00:00 AM","2020 Mar 21 12:00:00 AM","40",,,"40","true","false","Macon"
"Lincolnshire Place Loves Park","6617 Broadcast Parkway","Loves Park","IL","61111","8156335880","5103640","2019 Mar 05 12:00:00 AM","2020 Mar 05 12:00:00 AM","40",,,"40","true","false","Winnebago"
"Lincolnwood Place","7000 N. McCormick Blvd","Lincolnwood","IL","60712","8476864739","5106692","2019 Mar 30 12:00:00 AM","2020 Mar 30 12:00:00 AM",,"45",,"45","false","false","Cook"
"Lodge at Manito (The)","1303 S. East Avenue","Manito","IL","61546","3099685330","5105819","2019 Jan 25 12:00:00 AM","2020 Jan 25 12:00:00 AM","24","24",,"48","true","false","Mason"
"Lombard Place Assisted Living & MC","300 West 22nd Street","Lombard",,"60148","6309537472","5105199","2018 Dec 11 12:00:00 AM","2019 Jun 11 12:00:00 AM","32","61",,"93","true","false","DuPage"
"Luther Center","111 W. State St","Rockford","IL","61101","8159650055","5105900","2018 Aug 27 12:00:00 AM","2019 Aug 27 12:00:00 AM",,"29",,"29","false","false","Winnebago"
"Luther Oaks Inc.","601 Lutz Rd","Bloomington","IL","61704","3096645940","5102642","2018 Feb 27 12:00:00 AM","2020 Feb 27 12:00:00 AM","18","40",,"58","true","false","McLean"
"Luther Place Assisted Living","403 North 4th Street","Danforth",,"60930","8152692970","5106502","2017 Dec 31 12:00:00 AM","2019 Dec 31 12:00:00 AM",,,"20","20","false","false","Iroquois"
"Magnolia House","22 Pinewood Drive","Carbondale","IL","62901","6185199560","5201865","2019 Jan 24 12:00:00 AM","2019 May 24 12:00:00 AM",,"8",,"8","false","false","Jackson"
"Manteno Springs","600 N Birch St","Manteno","IL","60950","8154686896","5100943","2019 Feb 13 12:00:00 AM","2020 Feb 13 12:00:00 AM",,"22",,"22","false","false","Kankakee"
"Maple Glen Memory Care","750 S. Park Blvd","Glen Ellyn","IL","60137","6304740991","5105967","2019 Feb 13 12:00:00 AM","2020 Feb 13 12:00:00 AM","46",,,"46","true","true","DuPage"
"Maple Grove Memory Care Red","401 South Adams","Carthage",,"62321","2173578800","5201337","2019 Jan 11 12:00:00 AM","2020 Jan 11 12:00:00 AM","10",,,"10","true","false","Hancock"
"Maple Grove Memory Care Silver","403 South Adams","Carthage",,"62321","2173578800","5201345","2019 Jan 11 12:00:00 AM","2020 Jan 11 12:00:00 AM","10",,,"10","true","false","Hancock"
"Marian Village","15624 Marian Dr","Homer Glen","IL","60491","7082263780","5100588","2018 Dec 02 12:00:00 AM","2020 Dec 02 12:00:00 AM",,"27",,"27","false","false","Will"
"Marley Oaks AL Residence","12631 W. 187th St","Mokena","IL","60448","8154855860","5201766","2018 Oct 12 12:00:00 AM","2019 Oct 12 12:00:00 AM",,"10",,"10","false","false","Will"
"Mary Lou's Country Home","11629 Maurer Rd","Buffalo","IL","62515","2175253733","5201113","2018 Jun 04 12:00:00 AM","2019 Jun 04 12:00:00 AM",,"7",,"7","false","true","Sangamon"
"Mather (The)","425 Davis St.","Evanston","IL","60201","8474925000","5103350","2018 Jul 22 12:00:00 AM","2019 Jul 22 12:00:00 AM","12","10",,"22","true","false","Cook"
"Meadows of Franklin Grove, The","510 N. State Street","Franklin Grove",,"61031","8154563000","5105157","2018 Nov 08 12:00:00 AM","2019 Nov 08 12:00:00 AM",,"44",,"44","false","false","Lee"
"Mercy Circle
(11/25/13)","3659 West 99th Street","Chicago","IL","60655","7732533600","5104507","2018 Jun 17 12:00:00 AM","2020 Jun 17 12:00:00 AM","9","34",,"43","true","false","Cook"
"Meridian Village Association","27 Auerbach Place","Glen Carbon","IL","62034","6182883700","5101701","2018 Apr 25 12:00:00 AM","2020 Apr 25 12:00:00 AM","14","54",,"68","true","false","Madison"
"Mill Creek Alzheimer's SCC","3319 Ginger Creek Dr","Springfield",,"62711","2177267900","5104119","2018 Jul 12 12:00:00 AM","2019 Aug 31 12:00:00 AM","38",,,"38","true","false","Sangamon"
"Montgomery Place","5550 South Shore Drive","Chicago","IL","60637","7737534100","5103046","2018 Dec 24 12:00:00 AM","2020 Apr 17 12:00:00 AM","6","13",,"19","true","false","Cook"
"Moorings of Arlington Heights, LLC  (MC)","1061 S. Moorings Drive","Arlington Heights","IL","60005","8479564500","5106858","2019 May 01 12:00:00 AM","2019 Sep 01 12:00:00 AM","20",,,"20","true","false","Cook"
"Moorings of Arlington Heights, LLC (AL)","1071 S. Moorings Dr","Arlington Heights","IL","60005","8479564500","5106148","2018 May 12 12:00:00 AM","2019 May 12 12:00:00 AM",,"73",,"73","false","false","Cook"
"Morning Star Village, Inc.","1160 North Mulford Road","Rockford","IL","61107","8154849500","5103202","2018 Nov 20 12:00:00 AM","2019 Nov 20 12:00:00 AM",,"75",,"75","false","false","Winnebago"
"Morningside of Godfrey","1373 D'Adrian Professional Park","Godfrey",,"62035","6184677062","5105108","2018 Aug 01 12:00:00 AM","2019 Aug 01 12:00:00 AM","17","61",,"78","true","false","Madison"
"Morningside of Pekin","2700 S. 14th Street","Pekin",,"61544","3099294131","5105074","2018 Jul 24 12:00:00 AM","2019 Jul 24 12:00:00 AM",,"61",,"61","false","false","Tazewell"
"Morningside of Shiloh","1201 Hartman Lane","Shiloh",,"62221","6184762760","5105751","2018 Apr 08 12:00:00 AM","2020 Apr 08 12:00:00 AM",,"63",,"63","false","false","St Clair"
"Morningside of Sterling","2705 Avenue E","Sterling","IL","61081","8156256601","5105116","2019 Mar 01 12:00:00 AM","2020 Mar 01 12:00:00 AM","26","61",,"87","true","false","Whiteside"
"Morningside of Troy","39 Dorothy Drive","Troy",,"62294","6186671342","5105744","2019 Apr 08 12:00:00 AM","2020 Apr 08 12:00:00 AM",,"63",,"63","false","false","Madison"
"Morningside of Washington","100 Grand Victorian Place","Washington",,"61571","3094447400","5105082","2018 Jul 27 12:00:00 AM","2019 Jul 27 12:00:00 AM",,"61",,"61","false","false","Tazewell"
"Neighbors Next Door - Gerten 700","700 Gerten Ave","Aurora","IL","60505","6306505706","5200743","2017 Jun 08 12:00:00 AM","2019 Jun 08 12:00:00 AM",,"4",,"4","false","false","Kane"
"Neighbors Next Door - Gerten 701","701 Gerten Avenue","Aurora","IL","60505","6306505706","5200891","2017 Jun 08 12:00:00 AM","2019 Jun 08 12:00:00 AM",,"4",,"4","false","false","Kane"
"Neighbors Next Door Konen","735 Konen Avenue","Aurora","IL","60505","6306505706","5200909","2017 Jun 08 12:00:00 AM","2019 Jun 08 12:00:00 AM",,"4",,"4","false","false","Kane"
"Neighbors Next Door-Audrey","680 Audrey Ave","Aurora","IL","60505","6306505706","5200735","2017 Jun 08 12:00:00 AM","2019 Jun 08 12:00:00 AM",,"4",,"4","false","false","Kane"
"New Perspective-Silvis","1900 Tenth St.","Silvis","IL","61282","3097922800","5102444","2018 May 03 12:00:00 AM","2020 May 03 12:00:00 AM","18","43","20","81","true","false","Rock Island"
"North Shore Place","1000 Sunset Ridge Road","Northbrook",,"60062","2243262600","5106163","2019 Jan 01 12:00:00 AM","2020 Jan 01 12:00:00 AM","40","116",,"156","true","false","Cook"
"Northbrook Inn Memory Care","99 Pointe Drive","Northbrook",,"60062","2242310690","5105512","2018 Nov 30 12:00:00 AM","2019 May 30 12:00:00 AM","49",,,"49","true","true","Cook"
"Northpointe Terrace","5601 E. Rockton Rd","Roscoe","IL","61073","8155254800","5102352","2018 Apr 25 12:00:00 AM","2020 Apr 25 12:00:00 AM",,"24",,"24","false","false","Winnebago"
"Norwood Crossing","6016-20 N. Nina Ave","Chicago","IL","60631","7736314856","5103137","2019 Jan 23 12:00:00 AM","2020 Jan 23 12:00:00 AM","20","35",,"55","true","false","Cook"
"Oak Park Arms","408 S. Oak Park Ave","Oak Park","IL","60302","7083864040","5100984","2017 May 13 12:00:00 AM","2019 May 13 12:00:00 AM",,"47","13","60","false","false","Cook"
"Oakley Courts","3117 Kunkle Blvd","Freeport","IL","61032","8152335129","5100992","2019 Mar 21 12:00:00 AM","2020 Mar 21 12:00:00 AM","17","29",,"46","true","false","Stephenson"
"Overlook Village Assisted","941 6th Street","Moline","IL","61265","3095584986","5106536","2018 Dec 23 12:00:00 AM","2019 Dec 23 12:00:00 AM","18","52",,"70","false","false","Rock Island"
"Park Place Christian Community","1150 Euclid Avenue","Elmhurst",,"60126","6309364100","5103913","2018 Nov 12 12:00:00 AM","2019 Nov 12 12:00:00 AM","20","46",,"66","true","false","DuPage"
"Park Vista Retirement Living","1451 20th Ave","East Moline","IL","61244","3097529711","5104598","2018 May 01 12:00:00 AM","2020 May 01 12:00:00 AM","27","1","67","95","true","false","Rock Island"
"Parkway Gardens","379 Fountains Parkway","Fairview Heights","IL","62208","6186229940","5103517","2019 Jan 27 12:00:00 AM","2020 Jan 27 12:00:00 AM",,"28",,"28","false","true","St Clair"
"Patrician Home","1511 N. Bigelow St","Peoria","IL","61604","3096858716","5201816","2018 May 05 12:00:00 AM","2019 May 05 12:00:00 AM",,"10",,"10","false","false","Peoria"
"Peace Village","10300 Village Circle Dr","Palos Park","IL","60464","7086712470","5101065","2018 Aug 19 12:00:00 AM","2019 Aug 19 12:00:00 AM","16","49",,"65","true","false","Cook"
"Pleasant Dale Place","28719 Pleasant Dale","Girard","IL","62640","2176273093","5201097","2017 Nov 30 12:00:00 AM","2019 Nov 30 12:00:00 AM",,"4",,"4","false","false","Macoupin"
"Pleasant Hill Residence","1016 W. North St.","Girard",,"62640","2176279502","5104440","2018 Nov 27 12:00:00 AM","2020 Nov 27 12:00:00 AM",,,"25","25","false","false","Macoupin"
"Pleasant View Hearthstone AL","505 College Ave","Ottawa","IL","61350","8155871001","5103681","2017 Dec 29 12:00:00 AM","2019 Dec 29 12:00:00 AM",,"41",,"41","false","false","LaSalle"
"Plymouth Place, Inc.","315 N. LaGrange Rd","LaGrange Park","IL","60526","7084826848","5102782","2018 May 08 12:00:00 AM","2019 May 08 12:00:00 AM","26","52",,"78","true","false","Cook"
"Porter Place","17833 Harlem Ave","Tinley Park",,"60477","7087811050","5105488","2018 Dec 02 12:00:00 AM","2019 Dec 02 12:00:00 AM","66",,,"66","true","false","Cook"
"Prairie Ridge of Galena","1 Prairie Ridge Drive","Galena","IL","61036","8152812393","5105868","2018 Dec 14 12:00:00 AM","2019 Dec 14 12:00:00 AM","14",,,"14","true","false","Jo Daviess"
"Prairie View Assisted Living","500 E. McNair Rd","Winnebago","IL","61088","8153351800","5104234","2019 Apr 02 12:00:00 AM","2020 Apr 02 12:00:00 AM",,"30",,"30","false","false","Winnebago"
"Prairieview at the Garlands","6000 Garlands Lane","Barrington",,"60010","8478523400","5101529","2019 Jan 14 12:00:00 AM","2020 Jan 14 12:00:00 AM","20","30",,"50","true","false","Lake"
"Presence Bethlehem Woods Ret Comm","1571 W. Ogden Ave","LaGrange Park","IL","60526","7085793663","5100216","2018 Aug 24 12:00:00 AM","2019 Aug 24 12:00:00 AM",,"64",,"64","false","false","Cook"
"Presence Fox Knoll","421 N. Lake St","Aurora","IL","60506","6308440380","5101073","2018 Jun 03 12:00:00 AM","2019 Jun 03 12:00:00 AM","15","64",,"79","true","false","Kane"
"Presence Heritage Lodge","995 N. Entrance Ave","Kankakee","IL","60901","8159363229","5101081","2018 Jul 29 12:00:00 AM","2020 Jul 29 12:00:00 AM",,"26",,"26","false","false","Kankakee"
"Presence Resurrection Retirement Community","7262 W. Peterson Ave","Chicago","IL","60631","7737927930","5101685","2019 Feb 14 12:00:00 AM","2021 Feb 14 12:00:00 AM",,"37",,"37","false","false","Cook"
"Primrose of Decatur","1145 W. Arbor Drive","Decatur",,"62526","2178721800","5104259","2019 Apr 17 12:00:00 AM","2021 Apr 17 12:00:00 AM",,"32","36","68","false","false","Macon"
"Providence Place","100 Faith Dr.","Highland","IL","62249","6186544600","5101099","2018 Nov 26 12:00:00 AM","2019 Nov 26 12:00:00 AM",,"36",,"36","false","false","Madison"
"R & R Country Care LLC","1026 Janet Dr","Ruma","IL","62278","6182828585","5105520","2019 Mar 03 12:00:00 AM","2020 Mar 03 12:00:00 AM",,"15",,"15","false","false","Randolph"
"Radcliff at Wood Dale (The)","276 East Irving Park Rd.","Wood Dale","IL","60191","6302422988","5106080","2019 Feb 12 12:00:00 AM","2020 Feb 12 12:00:00 AM","42","73",,"115","false","false","DuPage"
"Radford Green","960 Audubon Way","Lincolnshire","IL","60069","8478762401","5106593","2019 Mar 27 12:00:00 AM","2019 Dec 03 12:00:00 AM","19","18",,"37","true","false","Lake"
"Randall Residence of Decatur","1415 W Mound Rd.","Decatur","IL","62526","2178775327","5105876","2018 Jul 31 12:00:00 AM","2020 Jul 31 12:00:00 AM","15","40",,"55","true","false","Macon"
"Red Oak Estates","435 N. 16th St","Canton","IL","61520","3096472475","5101867","2019 Feb 17 12:00:00 AM","2020 Feb 17 12:00:00 AM",,"43",,"43","false","false","Fulton"
"Red Oak Memory Care","421 N 16th Ave","Canton",,"61520","3096471732","5105561","2018 Dec 08 12:00:00 AM","2019 Dec 08 12:00:00 AM","24",,,"24","true","false","Fulton"
"Reflections at Garden Place","710 S. Main","Columbia","IL","62236","6182813388","5106023","2018 Sep 22 12:00:00 AM","2019 Sep 22 12:00:00 AM","19",,,"19","true","false","Monroe"
"Reflections Memory Care - Chatham","401 N. Park Avenue","Chatham","IL","62629","2174834490","5104648","2018 Feb 17 12:00:00 AM","2020 Feb 17 12:00:00 AM","32",,,"32","true","true","Sangamon"
"Reflections Memory Care - Herrin","517 Rushing Drive","Carterville","IL","62918","6189882889","5104630","2018 Apr 01 12:00:00 AM","2020 Apr 01 12:00:00 AM","32",,,"32","true","false","Williamson"
"Reflections Memory Care - Morton","1717 North Main","Morton","IL","61550","3093218690","5106742","2019 Mar 16 12:00:00 AM","2020 Mar 16 12:00:00 AM","32",,,"32","true","false","Tazewell"
"Reflections Memory Care - Savoy","62 E. Airport Road","Savoy",,"61874","2173596073","5104952","2018 Dec 15 12:00:00 AM","2019 Dec 15 12:00:00 AM","32",,,"32","true","true","Champaign"
"Reflections Memory Care - Washington","1280 Independence Court","Washington",,"61571","3095087200","5104465","2018 Sep 27 12:00:00 AM","2019 Sep 27 12:00:00 AM","32",,,"32","true","true","Tazewell"
"Reserve of Geneva (The)","2508 Kaneville Rd","Geneva",,"60134","6302089188","5105785","2019 Feb 20 12:00:00 AM","2020 Feb 20 12:00:00 AM",,"9","3","12","false","false","Kane"
"Residential Living Center Inc","608 East Illinois Highway 15","Mt. Vernon",,"62864","6182449318","5105322","2019 Mar 01 12:00:00 AM","2020 Mar 01 12:00:00 AM","16","32",,"48","true","false","Jefferson"
"Resthave Home of Whiteside","408 Maple Ave.","Morrison","IL","61270","8157724021","5104432","2018 Mar 18 12:00:00 AM","2020 Mar 18 12:00:00 AM",,"37",,"37","false","false","Whiteside"
"River Birch Senior Living","4016 Cockrell Lane","Springfield","IL","62711","2176984016","5200966","2018 Jun 04 12:00:00 AM","2019 Jun 04 12:00:00 AM","14",,,"14","true","true","Sangamon"
"River Birch Senior Living","4008 Cockrell Lane","Springfield","IL","62711","2176984008","5201071","2018 Jun 04 12:00:00 AM","2019 Jun 04 12:00:00 AM","14",,,"14","true","true","Sangamon"
"River Birch Senior Living","4012 Cockrell Lane","Springfield","IL","62711","2175470400","5200933","2018 Jun 04 12:00:00 AM","2019 Jun 04 12:00:00 AM",,"14",,"14","false","true","Sangamon"
"River Glen of St. Charles","975 North 5th Avenue","St. Charles","IL","60174","6304438220","5105827","2018 Apr 16 12:00:00 AM","2019 Apr 16 12:00:00 AM","15","63",,"78","true","false","Kane"
"Riverside Senior Life Bourb","85 E. Burns Rd","Bourbonnais",,"60914","8159353332","5104770","2019 Jan 28 12:00:00 AM","2021 Jan 28 12:00:00 AM","48","32",,"80","true","false","Kankakee"
"Riverside Senior Life Community","1485 Butterfield Trail","Kankakee","IL","60901","8159330793","5100323","2017 Jun 09 12:00:00 AM","2019 Jun 09 12:00:00 AM","20","76",,"96","true","false","Kankakee"
"Robin's Nest Assisted Living - 1522 Fargo","1522 Fargo Blvd","Geneva","IL","60134","6309352935","5201568","2018 Oct 03 12:00:00 AM","2019 Oct 03 12:00:00 AM","7",,,"7","true","false","Kane"
"Robin's Nest Assisted Living -1101 Geneva","1101 Geneva Rd","St. Charles",,"60174","6309352935","5201576","2018 Oct 03 12:00:00 AM","2019 Oct 03 12:00:00 AM","8",,,"8","true","false","Kane"
"Robin's Nest Assisted Living-1819 Fargo","1819 Fargo Blvd","Geneva","IL","60134","6309352935","5201592","2018 Oct 03 12:00:00 AM","2019 Apr 03 12:00:00 AM","7",,,"7","true","false","Kane"
"Rock Run Place Assisted Living","3320 Executive Drive","Joliet",,"60431","8157294773","5105660","2018 Dec 31 12:00:00 AM","2019 Dec 31 12:00:00 AM",,"101",,"101","false","false","Will"
"Rock Run Place Memory Care","3315 Executive Drive","Joliet",,"60431","8157252364","5105678","2018 Dec 31 12:00:00 AM","2019 Jun 30 12:00:00 AM","38",,,"38","true","false","Will"
"Rolling Hills Place","3521 16th St","Zion","IL","60099","8477462147","5101107","2018 Nov 21 12:00:00 AM","2019 Nov 21 12:00:00 AM",,"59",,"59","false","false","Lake"
"Roma Home Care Inc.","13740 S. Archer Ave","Lemont",,"60439","6303305644","5201261","2019 Feb 27 12:00:00 AM","2020 Feb 27 12:00:00 AM",,"4",,"4","false","false","Cook"
"Samaritan Place","6901 N. Galena Rd","Peoria","IL","61614","3096899661","5101123","2017 Dec 29 12:00:00 AM","2019 Dec 29 12:00:00 AM",,"63",,"63","false","false","Peoria"
"San Gabriel Memory Care","241 Magnolia Drive","Glen Carbon","IL","62034","6182055280","5105959","2019 Feb 10 12:00:00 AM","2020 Feb 10 12:00:00 AM","34",,,"34","true","false","Madison"
"San Gabriel Memory Care","813 Lars Hoffman Crossing","Godfrey","IL","62035","6184666447","5106486","2019 Jan 07 12:00:00 AM","2019 May 07 12:00:00 AM","34",,,"34","false","false","Madison"
"San Gabriel Memory Care","2509 Frank Watson Parkway","Highland",,"62249","6186514444","5104911","2018 Sep 14 12:00:00 AM","2019 Sep 14 12:00:00 AM","34",,,"34","true","false","Madison"
"Selfhelp Home, Inc","908 W Argyle","Chicago","IL","60640","7732710300","5102261","2019 Jan 22 12:00:00 AM","2019 Jul 22 12:00:00 AM",,,"60","60","false","false","Cook"
"Senior Star at Weber Place","600 S. Edward Dr","Romeoville","IL","60446","8154399955","5103319","2017 Dec 26 12:00:00 AM","2019 Dec 26 12:00:00 AM","77",,,"77","true","false","Will"
"Senior Star at Weber Place-AL","605 S. Edward Dr.","Romeoville","IL","60446","8154392033","5103368","2018 May 04 12:00:00 AM","2019 May 04 12:00:00 AM",,"187","18","205","false","false","Will"
"Serenity Assisted Living","4000 North Main Street","East Peoria","IL","61611","3092222424","5106213","2018 Aug 04 12:00:00 AM","2019 Aug 04 12:00:00 AM","18","54",,"72","true","false","Tazewell"
"Serenity Villa","1 Fairview Dr","Fairbury","IL","61739","8156922572","5106361","2018 Dec 17 12:00:00 AM","2019 Dec 17 12:00:00 AM","20",,,"20","false","false","Livingston"
"Shepherd Premier Senior Living","6809 Barnard Mill Road","Ringwood",,"60072","2243336247","5201485","2018 Dec 02 12:00:00 AM","2019 Dec 02 12:00:00 AM",,"7",,"7","false","false","McHenry"
"Sheridan at Green Oaks","29330 North Waukegan Rd","Lake Bluff","IL","60044","2245346660","5105884","2018 Aug 07 12:00:00 AM","2019 Aug 07 12:00:00 AM","56","64",,"120","true","true","Lake"
"Sheridan at Park Ridge (The)","501 Busse Highway","Park Ridge","IL","60068","8476530653","5106577","2019 Mar 01 12:00:00 AM","2020 Mar 01 12:00:00 AM","36","64",,"100","true","false","Cook"
"Sheridan at Tyler Creek (The)","508 North McLean","Elgin",,"60123","2242683268","5105629","2018 Sep 08 12:00:00 AM","2019 Sep 08 12:00:00 AM","32","64",,"96","true","false","Kane"
"Silverado #550 Lake Zurich","550 America Ct","Lake Zurich","IL","60047","8473076990","5103715","2018 Jul 30 12:00:00 AM","2019 Jul 30 12:00:00 AM","16",,,"16","true","false","Lake"
"Silverado #555 Lake Zurich","555 America Ct.","Lake Zurich","IL","60047","8473076990","5103723","2018 Jul 30 12:00:00 AM","2019 Jul 30 12:00:00 AM","16",,,"16","true","false","Lake"
"Silverado #579 Lake Zurich","579 America Ct.","Lake Zurich","IL","60047","8473076990","5103731","2018 Jul 30 12:00:00 AM","2019 Jul 30 12:00:00 AM","16",,,"16","true","false","Lake"
"Silverado #600 Lake Zurich","600 America Ct.","Lake Zurich",,"60047","8473076990","5103749","2018 Jul 30 12:00:00 AM","2019 Jul 30 12:00:00 AM","16",,,"16","true","false","Lake"
"Silverado Highland Park","1651 Richfield Ave","Highland Park",,"60035","2247650094","5104390","2019 Mar 04 12:00:00 AM","2020 Mar 04 12:00:00 AM","62",,,"62","true","false","Lake"
"Silverado Naperville","1936 Brookdale Road","Naperville",,"60563","6307789221","5105645","2018 Apr 06 12:00:00 AM","2019 Apr 06 12:00:00 AM","50",,,"50","true","false","DuPage"
"Silverado Orchard Park","5520 Lincoln Avenue","Morton Grove",,"60053","8475839800","5104382","2018 Oct 29 12:00:00 AM","2019 Oct 29 12:00:00 AM","84",,,"84","true","false","Cook"
"Silverado St. Charles","4058 E. Main Street","St. Charles","IL","60174","6307934464","5106494","2018 Dec 02 12:00:00 AM","2019 Dec 02 12:00:00 AM","55",,,"55","false","false","Kane"
"Simple Blessings","203 E. Monroe","Casey","IL","62420","2179322603","5200750","2017 Nov 15 12:00:00 AM","2019 Nov 15 12:00:00 AM",,"10",,"10","false","false","Clark"
"Simple Comfort Retirement Home","2412 Becker Dr","Peru","IL","61354","8152233045","5200768","2018 Oct 19 12:00:00 AM","2019 Oct 19 12:00:00 AM",,"6",,"6","false","false","LaSalle"
"Smith Crossing","10501 Emilie Ln","Orland Park","IL","60467","7083262326","5101677","2018 May 27 12:00:00 AM","2019 May 27 12:00:00 AM","16","46",,"62","true","false","Will"
"Smith Village","2320 W. 113th Place","Chicago","IL","60643","7734747314","5102006","2018 Jun 23 12:00:00 AM","2019 Jun 23 12:00:00 AM","24","58",,"82","true","false","Cook"
"Snyder Village Assisted Living","1115 Harbers Lane","Metamora","IL","61548","3093672500","5100950","2019 Mar 10 12:00:00 AM","2020 Mar 10 12:00:00 AM","20","45",,"65","true","false","Woodford"
"Solana Deer Park, The","21840 W. Lake Cook Road","Deer Park",,"60010","8475501927","5105389","2018 Sep 18 12:00:00 AM","2019 Sep 18 12:00:00 AM","24","60",,"84","true","false","Lake"
"Spring Meadows Libertyville","901 Florsheim Drive","Libertyville","IL","60048","8478169990","5103673","2018 Jul 30 12:00:00 AM","2019 Jul 30 12:00:00 AM","14","31","55","100","true","false","Lake"
"Spring Meadows Naperville","504 N River Rd","Naperville","IL","60563","6305484488","5103665","2019 Jan 30 12:00:00 AM","2020 Jan 30 12:00:00 AM","13","34","60","107","true","false","DuPage"
"Springfield Homes The Ranch","3363 Spaulding Orchard Road","Springfield","IL","62711","2176791030","5201873","2019 Mar 06 12:00:00 AM","2019 Jul 06 12:00:00 AM",,"5",,"5","false","false","Sangamon"
"Springs at Monarch Landing, The","2308 N. Route 59","Naperville",,"60563","6303001200","5106585","2018 Dec 03 12:00:00 AM","2019 Dec 03 12:00:00 AM","28",,,"28","true","false","DuPage"
"Springs of Vernon Hills (The)","350 South Milwaukee Ave","Vernon Hills",,"60061","8476349300","5106254","2019 Mar 29 12:00:00 AM","2020 Mar 29 12:00:00 AM","70",,,"70","true","false","Lake"
"St. James Villas Wellness, Rehab Villas","1251 East Richton Road","Crete",,"60417","7086726700","5104705","2018 Dec 16 12:00:00 AM","2019 Dec 16 12:00:00 AM","26","34",,"60","true","false","Will"
"St. Joseph Village of Chicago","4021 W. Belmont","Chicago","IL","60641","7733285500","5102030","2018 Apr 27 12:00:00 AM","2020 Apr 27 12:00:00 AM","25","15",,"40","true","false","Cook"
"Stillwater Senior Living, LLC","1111 University Drive","Edwardsville",,"62025","6186922273","5104903","2019 Apr 30 12:00:00 AM","2020 Apr 30 12:00:00 AM",,"46",,"46","false","false","Madison"
"Stonecroft Village Retirement Community","1700 Burlington St.","Mendota","IL","61342","8155385300","5106452","2018 Aug 01 12:00:00 AM","2019 Aug 01 12:00:00 AM",,"32",,"32","false","false","LaSalle"
"Sugar Creek Alzheimer's SCC","505 E Vernon Ave","Normal",,"61761","3094513000","5104127","2018 Aug 31 12:00:00 AM","2019 Aug 31 12:00:00 AM","38",,,"38","true","false","McLean"
"Summit of Uptown","10 N. Summit","Park Ridge",,"60068","8478251161","5106569","2019 Feb 18 12:00:00 AM","2020 Feb 18 12:00:00 AM","19",,"46","65","false","false","Cook"
"Sunrise of Barrington","510 Northwest Highway","Barrington",,"60010","8473828888","5104028","2018 Nov 08 12:00:00 AM","2020 Nov 08 12:00:00 AM","24","21",,"45","true","false","Lake"
"Sunrise of Bloomingdale","129 E Lake St.","Bloomingdale","IL","60108","6302958600","5101206","2018 Jul 08 12:00:00 AM","2019 Jul 08 12:00:00 AM","18","64",,"82","true","false","DuPage"
"Sunrise of Buffalo Grove","180 West Half Day Rd","Buffalo Grove","IL","60089","8474788484","5101214","2018 Jul 08 12:00:00 AM","2019 Jul 08 12:00:00 AM","24","55",,"79","true","false","Lake"
"Sunrise of Crystal Lake","751 E Terra Cotta Ave","Crystal Lake","IL","60014","8154446600","5101222","2018 Jul 08 12:00:00 AM","2019 Jul 08 12:00:00 AM","13","45",,"58","true","false","McHenry"
"Sunrise of Flossmoor","19715 Governor's Hwy","Flossmoor","IL","60422","7087981600","5101230","2018 Jul 08 12:00:00 AM","2019 Jul 08 12:00:00 AM","17","45",,"62","true","false","Cook"
"Sunrise of Fountain Square","2210 Fountain Square","Lombard","IL","60148","6308741405","5103343","2019 Feb 09 12:00:00 AM","2020 Feb 09 12:00:00 AM","20","60",,"80","true","false","DuPage"
"Sunrise of Gurnee","500 N. Hunt Club Rd.","Gurnee","IL","60031","8478568100","5101255","2018 Aug 21 12:00:00 AM","2019 Aug 21 12:00:00 AM","13","46",,"59","true","false","Lake"
"Sunrise of Highland Park","1601 Green Bay Road","Highland Park",,"60035","8476811620","5104275","2018 Jul 20 12:00:00 AM","2019 Jul 20 12:00:00 AM","19","56",,"75","true","false","Lake"
"Sunrise of Lincoln Park","2710 N. Clark St","Chicago","IL","60614","7732440005","5101263","2018 Jun 23 12:00:00 AM","2019 Jun 23 12:00:00 AM","14","46",,"60","true","false","Cook"
"Sunrise of Naperville","960 E. Chicago Ave.","Naperville","IL","60540","6305791400","5101271","2018 Jul 08 12:00:00 AM","2019 Jul 08 12:00:00 AM","16","60",,"76","true","false","DuPage"
"Sunrise of Naperville North","535 W. Ogden Ave.","Naperville","IL","60563","6303059400","5101289","2019 Mar 28 12:00:00 AM","2020 Mar 28 12:00:00 AM","33","44",,"77","true","false","DuPage"
"Sunrise of Palos Park","12828 S. LaGrange Rd.","Palos Park","IL","60464","7083613577","5101297","2018 Jul 08 12:00:00 AM","2019 Jul 08 12:00:00 AM","25","60",,"85","true","false","Cook"
"Sunrise of Park Ridge","1725 Ballard Rd.","Park Ridge","IL","60068","8478241724","5101305","2018 Jul 08 12:00:00 AM","2019 Jul 08 12:00:00 AM","39","71",,"110","true","false","Cook"
"Sunrise of Schaumburg","790 N. Plum Grove Rd","Schaumburg","IL","60193","8475179700","5101313","2018 Jul 08 12:00:00 AM","2019 Jul 08 12:00:00 AM","30","52",,"82","true","false","Cook"
"Sunrise of Willowbrook","6300 Clarendon Hill Rd","Willowbrook","IL","60527","6307349954","5101321","2018 Jul 08 12:00:00 AM","2019 Jul 08 12:00:00 AM","18","64",,"82","true","false","DuPage"
"Sunrise of Wilmette","615 Ridge Rd","Wilmette","IL","60091","8472561600","5106791","2019 Jan 01 12:00:00 AM","2019 May 01 12:00:00 AM","28",,,"28","false","false","Cook"
"Sunrise Villa Olympia Fields","3633 Breakers Drive","Olympia Fields",,"60461","7087473333","5105470","2018 Oct 17 12:00:00 AM","2019 Oct 17 12:00:00 AM",,"25","6","31","false","false","Cook"
"Sunset Haven","361 N. Alfred Ave","Elgin","IL","60123","8477421448","5200669","2017 Jul 28 12:00:00 AM","2019 Jul 28 12:00:00 AM",,"7",,"7","false","false","Kane"
"Sunshine Gardens","442 Comfort Drive","Marion",,"62959","6183640482","5105215","2019 Feb 25 12:00:00 AM","2020 Feb 25 12:00:00 AM","15","40","8","63","true","false","Williamson"
"Sycamore Village","217 Castellano Dr","Swansea","IL","62226","6182222571","5103863","2019 May 01 12:00:00 AM","2020 May 01 12:00:00 AM","82","27",,"109","true","false","St. Clair"
"Taylorville Estates Inc","705 South Houston Street","Taylorville",,"62568","2178242222","5104473","2018 Jun 13 12:00:00 AM","2020 Jun 13 12:00:00 AM",,"49",,"49","false","false","Christian"
"Terra Vista of Oakbrook Terrace LLC","1635 D. Ardmore Avenue","Oakbrook Terrace","IL","60181","6305340886","5105207","2019 Jan 23 12:00:00 AM","2020 Jan 23 12:00:00 AM","106",,,"106","true","false","DuPage"
"Terraces at The Clare","55 East Pearson Street","Chicago",,"60611","3127848100","5104044","2019 Feb 24 12:00:00 AM","2020 Feb 24 12:00:00 AM","13","26",,"39","true","false","Cook"
"Theresa's Home Care 1, LLC","6455 Cunningham Court","Gurnee",,"60031","8475252816","5200917","2019 Feb 14 12:00:00 AM","2020 Feb 14 12:00:00 AM",,"5",,"5","false","false","Lake"
"Theresa's Home Care II, LLC","5044 Darlene Dr","Gurnee","IL","60031","8475252816","5201063","2019 Feb 22 12:00:00 AM","2020 Feb 20 12:00:00 AM",,"4",,"4","false","false","Lake"
"Theresa's Home Care III, LLC","402 Bonnie Brae Ave","Grayslake","IL","60030","8475252816","5201303","2017 Dec 08 12:00:00 AM","2019 Dec 08 12:00:00 AM",,"3",,"3","false","false","Lake"
"Three Crowns Park","2323 McDaniel","Evanston","IL","60201","8473288700","5102915","2019 Mar 11 12:00:00 AM","2020 Mar 11 12:00:00 AM","18",,,"18","true","false","Cook"
"Three Oaks Assisted Living","1055 Silver Lake Rd","Cary","IL","60013","8475166016","5103947","2018 Oct 30 12:00:00 AM","2019 Oct 30 12:00:00 AM","25","69",,"94","true","false","McHenry"
"Timber Creek Village","201 Stahlhut","Lincoln",,"62656","2176518771","5104812","2019 Jan 13 12:00:00 AM","2020 Jan 13 12:00:00 AM",,"40",,"40","false","false","Logan"
"Timber Creek Village","101 W. Sallee Street","Litchfield","IL","62056","2173132208","5106510","2018 Dec 23 12:00:00 AM","2019 Dec 23 12:00:00 AM",,"40",,"40","false","false","Montgomery"
"Timber Creek Village","1302 W Highland Ave.","Robinson",,"62454","6185448877","5103855","2019 Jan 19 12:00:00 AM","2020 Jan 19 12:00:00 AM",,"39",,"39","false","false","Crawford"
"Timbers of Shorewood","1100 N. River Rd","Shorewood","IL","60404","8156090669","5101347","2018 Sep 01 12:00:00 AM","2019 Sep 01 12:00:00 AM",,,"90","90","false","false","Will"
"Travanse Living at Grayslake","1865 East Belvidere Rd","Grayslake","IL","60030","8475487000","5105694","2019 May 01 12:00:00 AM","2020 May 01 12:00:00 AM","28","68",,"96","true","false","Lake"
"Travanse Living at Wheaton","219 E. Parkway Drive","Wheaton","IL","60187","6307520644","5105793","2018 May 01 12:00:00 AM","2019 May 01 12:00:00 AM","20","64",,"84","true","false","Du Page"
"Tremont Ridge Assisted Living","801 E Tremont St","Hillsboro","IL","62049","2175322733","5101354","2019 Feb 26 12:00:00 AM","2021 Feb 26 12:00:00 AM","10","28",,"38","true","true","Montgomery"
"Trenton Village LLC","980 E. Broadway","Trenton","IL","62293","6182249465","5102170","2018 Jul 01 12:00:00 AM","2019 Jul 01 12:00:00 AM","15","42",,"57","true","false","Clinton"
"United Methodist Village N. Campus","2101 James St","Lawrenceville","IL","62439","6189433444","5200974","2018 Nov 23 12:00:00 AM","2019 Nov 23 12:00:00 AM",,"6",,"6","false","false","Lawrence"
"United Methodist Village Retirement Community, INC.","5201 Asbury Avenue","Godfrey","IL","62035","6184670191","5101362","2019 Feb 07 12:00:00 AM","2020 Feb 07 12:00:00 AM","11","33",,"44","true","false","Madison"
"Vi at The Glen","2401 Indigo Lane","Glenview","IL","60026","8479044710","5100398","2018 Nov 19 12:00:00 AM","2019 Nov 19 12:00:00 AM","13","23",,"36","true","false","Cook"
"Victorian Inn","12600 Renaissance Circle","Homer Glen","IL","60491","7083010800","5101370","2017 Jun 05 12:00:00 AM","2019 Jun 05 12:00:00 AM","20","40",,"60","true","false","Will"
"Villa Catherine AL","491 Clinton St","Carlyle","IL","62231","6185948363","5101388","2018 Oct 21 12:00:00 AM","2019 Oct 21 12:00:00 AM",,"18",,"18","false","false","Clinton"
"Village at Mercy Creek (The)","1501 Mercy Creek Dr.","Normal","IL","61761","3092681501","5106684","2018 Dec 09 12:00:00 AM","2019 Dec 09 12:00:00 AM",,"60",,"60","false","false","McLean"
"Village Woods","2681 S. Route 394","Crete","IL","60417","7086726111","5101404","2018 Nov 04 12:00:00 AM","2019 Nov 04 12:00:00 AM",,"50",,"50","false","false","Will"
"Villas at St. James","14335 Jamestown Road","Breese",,"62230","6185260100","5104663","2018 Jul 12 12:00:00 AM","2019 Jul 12 12:00:00 AM",,"65",,"65","false","false","Clinton"
"Villas of Holly Brook & Reflections Pekin","2720 S. 14th Street","Pekin",,"61455","3092013763","5105777","2019 Mar 04 12:00:00 AM","2020 Mar 04 12:00:00 AM","36","50",,"86","true","true","Tazewell"
"Villas of Holly Brook Bethalto","312 Mechanical Drive","East Alton","IL","62024","6187170820","5106551","2018 Nov 26 12:00:00 AM","2019 Nov 26 12:00:00 AM","24","50",,"74","true","true","Madison"
"Villas of Holly Brook Bloomington Fox Creek","2016 Fox Creek Rd","Bloomington","IL","61701","3098084027","5106239","2019 Feb 28 12:00:00 AM","2020 Feb 28 12:00:00 AM","20","51",,"71","true","true","McLean"
"Villas of Holly Brook Charleston","738 18th Street","Charleston","IL","61920","2175122773","5106106","2018 Dec 10 12:00:00 AM","2019 Dec 10 12:00:00 AM","20","51",,"71","true","true","Coles"
"Villas of Holly Brook Chatham","825 East Walnut","Chatham",,"62629","2174834655","5104564","2018 Jul 21 12:00:00 AM","2019 Jul 21 12:00:00 AM",,"50",,"50","false","false","Sangamon"
"Villas of Holly Brook Effingham","904 West Evergreen","Effingham",,"62401","2173422345","5104572","2018 Oct 11 12:00:00 AM","2019 Oct 11 12:00:00 AM",,"44",,"44","false","false","Effingham"
"Villas of Holly Brook Gibson City","1400 N. Melvin Street","Gibson City",,"60936","2177271082","5105223","2018 Oct 22 12:00:00 AM","2019 Oct 22 12:00:00 AM",,"50",,"50","false","false","Ford"
"Villas of Holly Brook Harrisburg","220 Ron Crank Drive","Harrisburg",,"62946","6182529218","5105538","2018 Aug 15 12:00:00 AM","2019 Aug 15 12:00:00 AM","18","50",,"68","true","true","Saline"
"Villas of Holly Brook Herrin","505 Rushing Drive","Carterville",,"62918","6189931997","5104580","2018 Jun 13 12:00:00 AM","2020 Jun 13 12:00:00 AM",,"50",,"50","false","true","Williamson"
"Villas of Holly Brook Marshall","17050 North Quality Lime Road","Marshall",,"62441","2178265600","5104531","2018 Jun 13 12:00:00 AM","2019 Jun 13 12:00:00 AM",,"46",,"46","false","false","Clark"
"Villas of Holly Brook Monticello","901 Medical Center Dr","Monticello",,"61856","2176311136","5104291","2017 Nov 23 12:00:00 AM","2019 Nov 23 12:00:00 AM",,"50",,"50","false","false","Piatt"
"Villas of Holly Brook Morton","1709 North Main Street","Morton",,"61550","3093218393","5105173","2019 Jan 21 12:00:00 AM","2020 Jan 21 12:00:00 AM",,"76",,"76","false","false","Tazewell"
"Villas of Holly Brook Newton","101 South Gregory Dr.","Newton",,"62448","6187834181","5104549","2018 Jul 21 12:00:00 AM","2019 Jul 21 12:00:00 AM",,"41",,"41","false","false","Jasper"
"Villas of Holly Brook Rantoul","722 Stone Bridge Center Drive","Rantoul","IL","61866","2172829854","5106312","2019 Apr 22 12:00:00 AM","2020 Apr 22 12:00:00 AM","24","50",,"74","true","true","Champaign"
"Villas of Holly Brook Savoy","68 E. Airport Road","Savoy",,"61874","2173596224","5104945","2018 Jun 19 12:00:00 AM","2020 Jun 19 12:00:00 AM",,"50",,"50","false","false","Champaign"
"Villas of Holly Brook Shelbyville","2201 W. Main Street","Shelbyville",,"62565","2177741040","5104556","2018 Jun 13 12:00:00 AM","2019 Jun 13 12:00:00 AM",,"45",,"45","false","false","Shelby"
"Villas of Holly Brook Towanda Barnes","1815 N. Towanda Barnes Road","Bloomington","IL","61701","3095850541","5106445","2018 Aug 11 12:00:00 AM","2019 Aug 11 12:00:00 AM","24","50",,"74","true","true","McLean"
"Villas of Holly Brook Washington","1285 Independence Court","Washington",,"61571","3095087100","5104457","2019 Apr 05 12:00:00 AM","2020 Apr 05 12:00:00 AM",,"79",,"79","false","true","Tazewell"
"Villas of South Park","10000 South Main Street","Chatham",,"62629","2176975415","5105447","2019 Apr 10 12:00:00 AM","2019 Oct 10 12:00:00 AM",,"50",,"50","false","false","Sangamon"
"Vines Senior Home (The)","971 Bode Rd","Elgin","IL","60120","8476959600","5106122","2018 Nov 24 12:00:00 AM","2020 Nov 24 12:00:00 AM",,"14",,"14","false","false","Cook"
"Violet Lane","101 N. Violet Lane","Carbondale","IL","62901","6185199560","5200941","2018 Apr 25 12:00:00 AM","2019 Apr 25 12:00:00 AM",,"6",,"6","false","false","Jackson"
"Voyage Senior Living - Marion South","815 Mississippi Drive","Marion",,"62959","6189933503","5104218","2019 Apr 06 12:00:00 AM","2019 Oct 06 12:00:00 AM",,"27",,"27","false","false","Williamson"
"Voyage Senior Living - Murphysboro East","5 North Shawnee Dr","Murphysboro","IL","62966","6186845818","5100299","2019 Mar 19 12:00:00 AM","2020 Mar 19 12:00:00 AM",,"50",,"50","false","false","Jackson"
"Voyage Senior Living - Murphysboro West","11 N. Shawnee Dr","Murphysboro","IL","62966","6186845818","5100281","2019 Mar 19 12:00:00 AM","2019 Mar 19 12:00:00 AM",,"24",,"24","false","false","Jackson"
"Waterford Estates","17400 S. Kedzie Ave","Hazel Crest","IL","60429","7083351600","5101412","2018 Apr 27 12:00:00 AM","2019 Apr 27 12:00:00 AM","19",,"61","80","true","false","Cook"
"Waverly Inn Memory Care Community","515 W. Rand Road","Arlington Heights","IL","60004","2242488916","5106411","2019 Mar 16 12:00:00 AM","2020 Mar 16 12:00:00 AM","60",,,"60","false","false","Cook"
"Weinberg Community","1551 Lake Cook Rd","Deerfield","IL","60015","8473740500","5101420","2017 Jun 14 12:00:00 AM","2019 Jun 14 12:00:00 AM","40","125",,"165","true","true","Cook"
"Welbrook Bloomington Operating Co","1402 Leslie Dr","Bloomington","IL","61704","3096032500","5106387","2018 Jul 20 12:00:00 AM","2019 Jul 20 12:00:00 AM","24","56",,"80","true","false","McLean"
"Wellshire Morton Grove","8415 Waukegan Road","Morton Grove",,"60053","8474704550","5104887","2018 Jun 25 12:00:00 AM","2019 Jun 25 12:00:00 AM",,"45",,"45","false","false","Cook"
"Westbridge Assisted Living","500 Wyndemere Circle","Wheaton",,"60187","6306906662","5105025","2018 Jun 28 12:00:00 AM","2019 Jun 29 12:00:00 AM","12","65","5","82","true","false","DuPage"
"Westbrook Senior Living","110 W. Schaumburg Rd","Streamwood",,"60107","6303724114","5105504","2019 Jan 29 12:00:00 AM","2020 Jan 29 12:00:00 AM","24","56",,"80","true","false","Cook"
"Westminster Village AL","2025 E. Lincoln St","Bloomington","IL","61701","3096636474","5102329","2018 Jan 29 12:00:00 AM","2020 Jan 29 12:00:00 AM",,"30","30","60","false","false","McLean"
"White Oaks at Heritage Woods of McHenry","4605 W. Crystal Lake Rd","Mc Henry","IL","60050","8153442970","5106072","2019 Feb 06 12:00:00 AM","2020 Feb 16 12:00:00 AM","40",,,"40","true","false","McHenry"
"White Oaks at Spring Street","1300 Spring Street","South Elgin",,"60177","8477173187","5104846","2018 Jun 28 12:00:00 AM","2019 Jun 28 12:00:00 AM","30",,,"30","true","false","Kane"
"Willow Crossing Senior Living","809 N. Central Ave.","Addison","IL","60101","6302917500","5201790","2019 Feb 28 12:00:00 AM","2019 Jun 28 12:00:00 AM",,"3",,"3","false","false","DuPage"
"Willow Falls","1681 Willow Circle Drive","Crest Hill",,"60403","8157255868","5105546","2018 Sep 24 12:00:00 AM","2019 Sep 24 12:00:00 AM","31","82",,"113","true","false","Will"
"Willowbrook of Effingham","100 Blohm Avenue","Effingham","IL","62401","2178210779","5200990","2018 Nov 18 12:00:00 AM","2019 Nov 18 12:00:00 AM","12",,,"12","true","true","Effingham"
"Willowbrook of Effingham #3","104 Blohm Avenue","Effingham",,"62401","2178210779","5201550","2018 Oct 08 12:00:00 AM","2019 Nov 18 12:00:00 AM","12",,,"12","true","false","Effingham"
"Willowbrook of Effingham East","102 Blohm Ave","Effingham","IL","62401","2173423239","5201105","2018 Nov 18 12:00:00 AM","2019 Nov 18 12:00:00 AM","12",,,"12","true","false","Effingham"
"Willowbrook of Marshall #1","1002 North Second St","Marshall","IL","62441","2178210779","5201741","2018 May 17 12:00:00 AM","2019 May 17 12:00:00 AM","12",,,"12","true","false","Clark"
"Willowbrook of Marshall #2","1000 N. 2nd Street","Marshall","IL","62441","2178210779","5201840","2018 Sep 21 12:00:00 AM","2019 Sep 21 12:00:00 AM","12",,,"12","true","false","Clark"
"Willowbrook of Savoy","404 W. Curtis","Savoy",,"61874","2176078932","5201394","2018 Jul 03 12:00:00 AM","2020 Jul 03 12:00:00 AM","12",,,"12","true","false","Champaign"
"Willowbrook of Savoy #2","406 W. Curtis","Savoy",,"61874","2176007705","5201493","2018 Apr 15 12:00:00 AM","2020 Apr 15 12:00:00 AM","12",,,"12","true","false","Champaign"
"Willowbrook of Savoy #3","408 W Curtis","Savoy",,"61874","2178210779","5201527","2018 Jul 23 12:00:00 AM","2020 Jul 23 12:00:00 AM","12",,,"12","true","false","Champaign"
"Willowbrook of Vandalia #1","1125 Sunset Drive","Vandalia","IL","62471","2178210779","5201808","2018 Jun 28 12:00:00 AM","2019 Jun 28 12:00:00 AM","12",,,"12","true","false","Fayette"
"Windsor Court - Savoy","401 Burwash Ave","Savoy","IL","61874","2173511490","5102337","2018 Feb 10 12:00:00 AM","2020 Feb 10 12:00:00 AM",,"36",,"36","false","false","Champaign"
"Windsor Manor Morrison","403 Scenic Street","Morrison","IL","61270","8157724031","5104721","2018 Dec 09 12:00:00 AM","2020 Dec 09 12:00:00 AM","16","24",,"40","true","false","Whiteside"
"Windsor Park Manor","124 Windsor Park Dr","Carol Stream","IL","60188","6305105200","5101453","2017 Sep 17 12:00:00 AM","2019 Sep 17 12:00:00 AM","16","22",,"38","true","false","DuPage"
"Winn Prairie","1545 S. Forest Road","Freeport",,"61032","8156564800","5105587","2019 Apr 07 12:00:00 AM","2020 Apr 07 12:00:00 AM","30","31",,"61","true","false","Stephenson"
"Woodlands at The British Home","3000 McCormick Ave","Brookfield","IL","60513","7084850135","5101461","2018 Aug 13 12:00:00 AM","2019 Aug 13 12:00:00 AM",,"73",,"73","false","false","Cook"
"Woods Garden Villa, The","302 S. Main St","Lincoln",,"62656","2177322189","5201535","2018 Oct 17 12:00:00 AM","2019 Oct 17 12:00:00 AM",,"12",,"12","false","false","Logan"
